會議序號,會議日期,計畫名稱,摘要說明,文件檔案,原始網址
59-60,,,第59及60次會議記錄(資料只有人民團體陳情意見綜理表),e30addf631e111cb2aa285a14f0453d755ef75c2.pdf,http://bud.tncg.gov.tw/A94032P/MGDocFiles/Files/00030071/0000000183/%E7%AC%AC59.60%E6%AC%A1%E6%9C%83%E8%AD%B0%E7%B4%80%E9%8C%84.pdf
8,0991223,臺南市政府都市更新及爭議處理審議會99年度第8次會議,,f9be53da8f76905723768778c0a5f550cd45222c.pdf,http://bud.tncg.gov.tw/A94032P/MGDocFiles/Files/00030071/0000000429/1223%E6%9C%83%E8%AD%B0%E8%A8%98%E9%8C%84.pdf
290,0991130,臺南市都市計畫委員會第290次會議紀錄,"審議案-
審一案：「擬廢止本市北區自強段1509、1509-1、1505 地號等3 筆土地上現有巷道」
審二案：「擬定台南市安南區副都心(「商60」北側住宅區)細部計畫」
審三案：「變更台南市主要計畫（二等七號道路南側地區）(部分農業區、機關用地、國中小學校用地、公園用地、道路用地為住宅區、商業區、機關用地、公園用地、國小學校用地、停車場用地、河川區(兼供道路使用)、公園道用地及道路用地)案」暨「擬定台南市安南區（二等七號道路南側地區）細部計畫案」
審四案：「變更台南市安南區(十二佃、南興里、公塭里及原農漁區變更為住宅區地區)細部計畫(通盤檢討)案」
審五案：「變更臺南市安平港歷史風貌園區特定區計畫（細部計畫）（石門段1631、1632、1634「第二種特定住宅區」為「公兒9」公園兼兒童遊樂場用地）案」
審六案：「變更台南市東區（部分創意文化專用區）細部計畫（修訂有關退縮建築土地使用分區管制要點）案」
研議案-
研一案：「台南市安平區「商140」商業區開發計畫」
報告案-
報一案：「變更台南市北區都市計畫（細部計畫）通盤檢討案」提會報告核定書圖誤繕內容勘誤」",d39ca77dd3aa6a47254f299476f4ecf7e768d220.pdf,http://bud.tncg.gov.tw/A94032P/MGDocFiles/Files/00030071/0000000424/%E8%87%BA%E5%8D%97%E5%B8%82%E9%83%BD%E5%A7%94%E6%9C%83%E7%AC%AC290%E6%AC%A1%E6%9C%83%E8%AD%B0%E7%B4%80%E9%8C%84.pdf
7,0991109,臺南市政府都市更新及爭議處理審議會99年度第7次會議,,ac1b71add2b74794d94f70d37bbb838d6fcb25d6.pdf,http://bud.tncg.gov.tw/A94032P/MGDocFiles/Files/00030071/0000000428/99%E5%B9%B4%E9%83%BD%E5%B8%82%E6%9B%B4%E6%96%B0%E5%8F%8A%E7%88%AD%E8%AD%B0%E7%AC%AC7%E6%AC%A1%E6%9C%83%E8%AD%B0.pdf
289,0991028,台南市都市計畫委員會第289次會議紀錄,"審議案-
審一案：「擬定台南市安南區土城工業區(工8)細部計畫案」
審二案：「變更台南市安南區（土城地區原農漁區變更為住宅區）細部計畫（部份1-3-60M 計畫道路開發方式為一般徵收）案」
審三案：「擬定台南市東區細部計畫（南台南站副都心地區）案」再提會",bed3e42e50f3cae50735e06c20e5fbfdb1440881.pdf,http://bud.tncg.gov.tw/A94032P/MGDocFiles/Files/00030071/0000000423/%E5%8F%B0%E5%8D%97%E5%B8%82%E9%83%BD%E5%A7%94%E6%9C%83%E7%AC%AC289%E6%AC%A1%E9%83%BD%E5%A7%94%E6%9C%83%E6%9C%83%E8%AD%B0%E7%B4%80%E9%8C%84.pdf
6,0991018,臺南市政府都市更新及爭議處理審議會99年度第6次會議,,830fc2db4f0bc842bbb938ed0b92a9f27b558b3b.pdf,http://bud.tncg.gov.tw/A94032P/MGDocFiles/Files/00030071/0000000427/99%E5%B9%B4%E9%83%BD%E5%B8%82%E6%9B%B4%E6%96%B0%E5%8F%8A%E7%88%AD%E8%AD%B0%E7%AC%AC6%E6%AC%A1%E6%9C%83%E8%AD%B0.pdf
5,0991004,臺南市政府都市更新及爭議處理審議會99年度第5次會議,,ed2ad3652f4da12fcec358a779a51f4d283bb993.pdf,http://bud.tncg.gov.tw/A94032P/MGDocFiles/Files/00030071/0000000426/99%E5%B9%B4%E9%83%BD%E5%B8%82%E6%9B%B4%E6%96%B0%E5%8F%8A%E7%88%AD%E8%AD%B0%E7%AC%AC5%E6%AC%A1%E6%9C%83%E8%AD%B0.pdf
4,0990830,臺南市政府都市更新及爭議處理審議會99年度第4次會議,,bb8f080c856ad9bcd994ad7b56c3e42819d12f40.pdf,http://bud.tncg.gov.tw/A94032P/MGDocFiles/Files/00030071/0000000425/99%E5%B9%B4%E9%83%BD%E5%B8%82%E6%9B%B4%E6%96%B0%E5%8F%8A%E7%88%AD%E8%AD%B0%E7%AC%AC4%E6%AC%A1%E6%9C%83%E8%AD%B0.pdf
288,0990826,臺南市都市計畫委員會第288次會議紀錄,"審議案-
審一案：「變更臺南市安平港歷史風貌園區特定區計畫（細部計畫）（古堡段842、843「第二種特定住宅區」為「綠3」綠地）案」
審二案：「變更臺南市東區都市計畫（細部計畫）通盤檢討案(平實營區及精忠三村地區)(配合臺南市未改建眷村土地整體規劃專案)」再提會討論
審三案：「變更台南市南區（健康路以南、大同路以西地區）細部計畫（變十九-部分附帶條件規定）案」",4e150a4dcb4b70c5e6fb5c05f7f9ae93accf3471.pdf,http://bud.tncg.gov.tw/A94032P/MGDocFiles/Files/00030071/0000000414/%E5%8F%B0%E5%8D%97%E5%B8%82%E9%83%BD%E5%B8%82%E8%A8%88%E7%95%AB%E5%A7%94%E5%93%A1%E6%9C%83%E7%AC%AC288%E6%AC%A1%E6%9C%83%E8%AD%B0%E7%B4%80%E9%8C%84.pdf
3,0990721,臺南市政府都市更新及爭議處理審議會99年度第3次會議,,385675cd44d16b990554ee242baf5e08c814eee4.pdf,http://bud.tncg.gov.tw/A94032P/MGDocFiles/Files/00030071/0000000413/99%E5%B9%B4%E9%83%BD%E5%B8%82%E6%9B%B4%E6%96%B0%E5%8F%8A%E7%88%AD%E8%AD%B0%E7%AC%AC3%E6%AC%A1%E6%9C%83%E8%AD%B0.pdf
287,0990712,台南市都市計畫委員會第287次會議紀錄,"審議案-
審一案：「變更臺南市安平港歷史風貌園區特定區計畫(主要計畫)第一次通盤檢討案逾期人陳案再提會討論」
審二案：「台南市安平工業區廠商協進會提請審議安平工業區建築可否免依「臺南市騎樓地設置自治條例」留設騎樓地」
報告案-
報一案：「擬定台南市安南區(「醫(社)1」醫療兼社福用地)細部計畫案」
報二案：「變更臺南市安平區都市計畫（細部計畫）通盤檢討案」提會報告核定書圖誤繕內容勘誤
研議案-
研一案：『「變更台南市中西區都市計畫（細部計畫）通盤檢討案」有關說明書土地使用分區管制要點第十六條「既成道路」寬度認定執行疑義請研議』",ae5bb4641787d63ea0e4d67d2021bff1a529ffe0.pdf,http://bud.tncg.gov.tw/A94032P/MGDocFiles/Files/00030071/0000000412/%E5%8F%B0%E5%8D%97%E5%B8%82%E6%94%BF%E5%BA%9C%E9%83%BD%E5%A7%94%E6%9C%83%E7%AC%AC287%E6%AC%A1%E6%9C%83%E8%AD%B0%E7%B4%80%E9%8C%84.pdf
286,0990527,台南市都市計畫委員會第286次會議紀錄,"審議案-
審一案：「擬廢止本市安南區朝皇段1245、1278 地號等2 筆土地內現有巷道」 	 
審二案：「變更台南市中西區都市計畫(細部計畫)通盤檢討案(補辦公開展覽)」(變更案第一-7案及第二-9案)再提會討論 	 
審三案：「變更台南市主要計畫（部份「文小52」國小學校用地為低密度住宅區及低密度住宅區為「文小52」國小學校用地）案」	 
審四案：「變更台南市安南區(總頭寮工業區)細部計畫(「機關用地」為「工13」工業區)案」 	 
審五案：「變更臺南市安南區（十二佃、南興里、公溫里地區）細部計畫（配合曾文溪排水整治工程）案」 	 
審六案：「變更臺南市安南區（十二佃、南興里、公塭里地區原農漁區變更為住宅區）細部計畫（配合曾文溪排水整治工程）案」  
審七案：「擬定台南市東區（「商65」商業區）細部計畫案」再提會 	 
審八案： 劉木賢建築師事務所提送「台南市德光高級中學活動中心大樓興建工程申請免適用「臺南市騎樓地設置自治條例」第2 條第1 項規定案
報告案-
報一案：「擬定台南市南區細部計畫（黃金海岸地區）案」(土地開發強度及住宅比例限制等報告)
報二案：「變更台南市南區(喜樹、灣裡地區)細部計畫(國宅土地專案通盤檢討)案配合變更主要計畫案」(灣裡人工濕地保留方案評估報告)
報三案：「變更台南市北區都市計畫（細部計畫）通盤檢討案」",d2153463bd726eca87c351c65f5a1059a22f4879.pdf,http://bud.tncg.gov.tw/A94032P/MGDocFiles/Files/00030071/0000000406/%E5%8F%B0%E5%8D%97%E5%B8%82%E6%94%BF%E5%BA%9C%E7%AC%AC286%E6%AC%A1%E9%83%BD%E5%A7%94%E6%9C%83%E6%9C%83%E8%AD%B0%E7%B4%80%E9%8C%84.pdf
285,0990408,臺南市都市計畫委員會第285次會議紀錄,"審議案-
審一案：「變更台南市中西區都市計畫(細部計畫)通盤檢討案(補辦公開展覽)」
審二案：「變更台南市主要計畫(部份港埠用地為「機84」機關用地)案」
審三案：「變更台南市都市計畫（土地使用分區管制要點暨都市設計審議規定─斜屋頂獎勵）部分專案通盤檢討案」
審四案：「擬定台南市安南區(「醫（社）1」醫療兼社福用地)細部計畫案」
報告案-
報一案：「變更台南市安南區都市計畫(主要計畫)通盤檢討案-變更「公33」附帶條件暨撤銷「4-168」等主要計畫道路案」",7d3075bd3cfb552a6d0fa05fe242be115524b989.pdf,http://bud.tncg.gov.tw/A94032P/MGDocFiles/Files/00030071/0000000388/%E5%8F%B0%E5%8D%97%E5%B8%82%E9%83%BD%E5%B8%82%E8%A8%88%E7%95%AB%E5%A7%94%E5%93%A1%E6%9C%83%E7%AC%AC285%E6%AC%A1%E6%9C%83%E8%AD%B0%E8%A8%98%E9%8C%84.pdf
285,0990408,"臺南市都市計畫委員會第285 次會議紀錄","審議案-
審一案：「變更台南市中西區都市計畫(細部計畫)通盤檢討案(補辦公開展覽)」
審二案：「變更台南市主要計畫(部份港埠用地為「機84」機關用地)案」
審三案：「變更台南市都市計畫（土地使用分區管制要點暨都市設計審議規定─斜屋頂獎勵）部分專案通盤檢討案」
審四案：「擬定台南市安南區(「醫（社）1」醫療兼社福用地)細部計畫案」
報告案-
「變更台南市安南區都市計畫(主要計畫)通盤檢討案-變更「公33」附帶條件暨撤銷「4-168」等主要計畫道路案」",db14b43872b0742fee5e9ec1112cce88b54e33a9.pdf,http://bud.tncg.gov.tw/A94032P/MGDocFiles/Files/00030071/0000000389/%E5%8F%B0%E5%8D%97%E5%B8%82%E9%83%BD%E5%B8%82%E8%A8%88%E7%95%AB%E5%A7%94%E5%93%A1%E6%9C%83%E7%AC%AC285%E6%AC%A1%E6%9C%83%E8%AD%B0%E8%A8%98%E9%8C%84.pdf
284,0990309,臺南市都市計畫委員會第284次會議紀錄,"審議案：
審一案：「擬廢止本市安南區城西街二段263巷70弄西側（鹿北段418-9、418-11、420、421、422、423、425、426 地號內）部份現有巷道及改道案」
審二案：「變更台南市北區都市計畫(細部計畫)通盤檢討案」
審三案：「變更臺南市安平港歷史風貌園區特定區計畫(主要計畫)第一次通盤檢討案」
審四案：「變更臺南市安平港歷史風貌園區特定區計畫(細部計畫)第一次通盤檢討案」
審五案：「變更台南市安南區（海佃路二段兩側地區）細部計畫（部份3-71-24M計畫道路開發方式為一般徵收）案」
報告案：
報一案：「變更台南市南區都市計畫（主要計畫）通盤檢討案(逾期人陳3 件)」
報二案：「擬定台南市東區細部計畫（南台南站副都心地區）案」再提會討論
報三案：「變更臺南市東區都市計畫（主要計畫）通盤檢討案(暫予保留第一案)」、「變更臺南市東區都市計畫（細部計畫）通盤檢討案(平實營區及精忠三村地區)（配合臺南市未改建眷村土地整體規劃專案）」再提會討論
研議案：
研一案：「變更台南市中西區都市計畫(細部計畫)通盤檢討案(土地使用分區管制要點第二十條第一項「鼓勵大面積基地開發」)條文疑義」",71350e97abc52de1f8d38ff7b7dbda8903abe7f5.pdf,http://bud.tncg.gov.tw/A94032P/MGDocFiles/Files/00030071/0000000387/%E5%8F%B0%E5%8D%97%E5%B8%82%E7%AC%AC284%E6%AC%A1%E9%83%BD%E5%A7%94%E6%9C%83%E6%9C%83%E8%AD%B0%E7%B4%80%E9%8C%84.pdf
2,0990210,臺南市政府都市更新及爭議處理審議會99年度第2次會議,,f6e44126c7a4cfe2fd0d07144343bdec625005e9.pdf,http://bud.tncg.gov.tw/A94032P/MGDocFiles/Files/00030071/0000000386/99%E5%B9%B4%E9%83%BD%E5%B8%82%E6%9B%B4%E6%96%B0%E5%8F%8A%E7%88%AD%E8%AD%B0%E7%AC%AC2%E6%AC%A1%E6%9C%83%E8%AD%B0.pdf
283,0990128,"臺南市都市計畫委員會第283 次會議紀錄","審議案：
審一案：「擬廢止本市北區延平段1167-363、1167-364、1167-365、1169-70、1169-116地號等5 筆土地上部分現有巷道案」
審二案：擬「廢止本市中西區白金段4小段22及花園段2小段198-3地號等2筆部分土地上現有巷道案」
審三案：「擬定台南市安南區(「文中25」學校用地變更為中密度住宅區)細部計畫案」
審四案：「變更台南市安平區都市計畫(細部計畫)通盤檢討案」",0863e049719a2770099951b5f941d2cce0b29aed.pdf,http://bud.tncg.gov.tw/A94032P/MGDocFiles/Files/00030071/0000000385/%E5%8F%B0%E5%8D%97%E5%B8%82%E6%94%BF%E5%BA%9C%E7%AC%AC283%E6%AC%A1%E9%83%BD%E5%A7%94%E6%9C%83%E6%9C%83%E8%AD%B0%E8%A8%98%E9%8C%84.pdf
1,0990127,臺南市政府都市更新及爭議處理審議會99年度第1次會議,,bbf3d097e3e6d1b8666a7028c67ae00c5c7bd619.pdf,http://bud.tncg.gov.tw/A94032P/MGDocFiles/Files/00030071/0000000384/99%E5%B9%B4%E9%83%BD%E5%B8%82%E6%9B%B4%E6%96%B0%E5%8F%8A%E7%88%AD%E8%AD%B0%E7%AC%AC1%E6%AC%A1%E6%9C%83%E8%AD%B0.pdf
282,0981231,臺南市都市計畫委員會第282次會議紀錄,"審議案-
審一案：擬廢止「本市東區德高段1065 地號內部分現有巷道」案 
審二案：變更台南市安南區都市計畫(主要計畫)通盤檢討案
報告案-
報一案：「變更台南市南區都市計畫（主要計畫）通盤檢討案」(變更案第一-2案、第四-2案、第六-4案、第七-4及逾期人陳6件)
報二案：「變更台南市南區（喜樹、灣裡地區）細部計畫（國宅土地專案通盤檢討）配合變更主要計畫案」(人工濕地2個替選方案評估報告)	 
研議案-
研一案：「台南市都市發展軸線第一期地區(海安路、永華路、林森路、夏林路、公園南路及東豐路兩側)土地使用分區管制要點部份專案通盤檢討研議案」",ccf59a834d3e959eb8824c8ebfaa350c13f78ae9.pdf,http://bud.tncg.gov.tw/A94032P/MGDocFiles/Files/00030071/0000000383/%E5%8F%B0%E5%8D%97%E5%B8%82%E6%94%BF%E5%BA%9C%E7%AC%AC282%E6%AC%A1%E9%83%BD%E5%A7%94%E6%9C%83%E6%9C%83%E8%AD%B0%E8%A8%98%E9%8C%84.pdf
5,0981210,臺南市政府都市更新及爭議處理審議會議98年度第5次會議,,446c5ed98e4e5ea67d781def6411f4e670d7c7d8.pdf,http://bud.tncg.gov.tw/A94032P/MGDocFiles/Files/00030071/0000000382/98%E5%B9%B4%E9%83%BD%E5%B8%82%E6%9B%B4%E6%96%B0%E5%8F%8A%E7%88%AD%E8%AD%B0%E7%AC%AC5%E6%AC%A1%E6%9C%83%E8%AD%B0.pdf
4,0981119,臺南市政府都市更新及爭議處理審議會議98年度第4次會議,,9fa002975a112386b4db37336f6e7d7b89544c46.pdf,http://bud.tncg.gov.tw/A94032P/MGDocFiles/Files/00030071/0000000381/98%E5%B9%B4%E9%83%BD%E5%B8%82%E6%9B%B4%E6%96%B0%E5%8F%8A%E7%88%AD%E8%AD%B0%E7%AC%AC4%E6%AC%A1%E6%9C%83%E8%AD%B0small.pdf
281,0981116,台南市第281次都委會會議記錄,"審議案-
審一案：修訂「臺南市都市計畫容積移轉許可審查要點」部分條文案
審二案：「變更台南市中西區都市計畫(細部計畫)通盤檢討案」再提會審議
審三案：「變更台南市東區主要計畫（『機30』機關用地增列指定用途）案」
審四案：「擬定台南市東區（部分創意文化專用區）細部計畫案」
審五案：「變更「台南市安南區布袋嘴(含第三、四期發展區部份)細部計畫」自辦市地重劃區部份計畫內容案」
審六案：「變更台南市安南區都市計畫(主要計畫)通盤檢討案」
報告案-
報一案：「變更台南市主要計畫（部分遊樂區為「機79」機關用地）案」暫緩都市計畫審議程序報告案
報二案：「擬定台南市安南區(「文中25」學校用地變更為中密度住宅區)細部計畫案」依配合變更主要計畫修正報告案
研議案-
研一案：「擬定臺南市中西區巨唐建設公司台南案都市更新事業計畫」研議案",c9792b49880ce9c3b18a26667b2f6229848f2285.pdf,http://bud.tncg.gov.tw/A94032P/MGDocFiles/Files/00030071/0000000380/%E5%8F%B0%E5%8D%97%E5%B8%82%E7%AC%AC281%E6%AC%A1%E9%83%BD%E5%A7%94%E6%9C%83%E6%9C%83%E8%AD%B0%E8%A8%98%E9%8C%84.pdf
3,0981029,臺南市政府都市更新及爭議處理審議會議98年度第3次會議,,1852571e60f0e418e2dff87ef2fb6ff4b85d09fb.pdf,http://bud.tncg.gov.tw/A94032P/MGDocFiles/Files/00030071/0000000378/981029%E6%9C%83%E8%AD%B0.pdf
2,0981008,臺南市政府都市更新及爭議處理審議會98年度第二次會議,,ef62c3d1317aaf8ff392e1fdd1f25bc6990d79ae.pdf,http://bud.tncg.gov.tw/A94032P/MGDocFiles/Files/00030071/0000000377/1008%E6%9C%83%E8%AD%B0%E7%B4%80%E9%8C%84.pdf
280,0980928,"臺南市都市計畫委員會第280 次會議紀錄","審議案-
審一案：「變更台南市安南區都市計畫(主要計畫)通盤檢討案」
審二案：「變更台南市主要計畫(部分港埠用地為水域用地；部分河川區為港埠用地)案」
審三案：「變更臺南市安平港歷史風貌園區特定區計畫（細部計畫）（部份第二種特定住宅區為綠地）案」
審四案：「變更台南市主要計畫（配合曾文溪排水整治工程）案」
審五案：「變更臺南市安南區（十二佃、南興里、公塭里地區）細部計畫（配合曾文溪排水整治工程）案」
審六案：「變更臺南市安南區（十二佃、南興里、公塭里地區原農漁區變更為住宅區）細部計畫（配合曾文溪排水整治工程）案」
審七案：「擬定臺南市赤崁舊市區都市更新地區都市更新計畫」案",3bd5fe6b6c121ed09d383a7281fa8a95b574627e.pdf,http://bud.tncg.gov.tw/A94032P/MGDocFiles/Files/00030071/0000000375/%E5%8F%B0%E5%8D%97%E5%B8%82%E6%94%BF%E5%BA%9C%E7%AC%AC280%E6%AC%A1%E9%83%BD%E5%A7%94%E6%9C%83%E6%9C%83%E8%AD%B0%E8%A8%98%E9%8C%84.pdf
1,0980910,臺南市政府都市更新及爭議處理審議會98年度第一次會議,,3b34128fd553b3114264785ecf9b247bb05dd409.pdf,http://bud.tncg.gov.tw/A94032P/MGDocFiles/Files/00030071/0000000376/0910%E6%9C%83%E8%AD%B0%E8%A8%98%E9%8C%84.pdf
279,0980827,台南市都市計畫委員會第279次會議紀錄,"審議案-
審一案：『「台南市立永福國民小學東棟暨南棟教室拆除重建工程」申請免留設騎樓地案』
審二案：「台南市都市發展軸線第一期地區（海安路、永華路、林森路、夏林路、公園南路及東豐路兩側）土地使用分區管制要點部分專案通盤檢討案」
審三案：「變更台南市中西區都市計畫(細部計畫)通盤檢討案」
臨時動議案-
臨動一案：「變更台南市主要計畫（配合中華電信股份有限公司用地變更）專案通盤檢討案」
臨動二案：「變更台南市細部計畫（配合中華電信股份有限公司用地變更）專案通盤檢討案」",94c82c881ccfc456478933b5f3086d3d5a03e199.pdf,http://bud.tncg.gov.tw/A94032P/MGDocFiles/Files/00030071/0000000359/%E5%8F%B0%E5%8D%97%E5%B8%82%E6%94%BF%E5%BA%9C%E7%AC%AC279%E6%AC%A1%E9%83%BD%E5%A7%94%E6%9C%83%E6%9C%83%E8%AD%B0%E7%B4%80%E9%8C%84.pdf
278,0980730,"臺南市都市計畫委員會第278 次會議紀錄","審議案-
審一案：「擬定台南市東區都市計畫（細部計畫）（原忠孝國中部分學校用地為中密度住宅區）案」
審二案：「變更台南市東區都市計畫（細部計畫）（部份『機E2』機關用地為『機E3』機關用地暨指定用途）案」
審三案：「變更台南市南區龍崗社區細部計畫（兒童遊樂場用地為公（兒）S1）公園兼兒童遊樂場用地案」
審四案：「變更台南市安南區(十二佃、南興里、公塭里)細部計畫(部分十二佃4-57 號計畫道路開發方式為一般徵收)案」
審五案：「變更台南市主要計畫（二等七號道路南側地區）(部分農業區、機關用地、國中小學校用地、公園用地、道路用地為住宅區、商業區、機關用地、公園用地、國小學校用地、停車場用地、河川區(兼供道路使用)、公園道用地及道路用地)案」
審六案：「擬定台南市安南區（二等七號道路南側地區）細部計畫案」
審七案：「變更台南市安南區都市計畫（主要計畫）通盤檢討案(逾期人民及團體陳情意見等2 件)」
審八案：「變更臺南市安平港歷史風貌園區特定區計畫（主要計畫）（部分保護區為機關用地）案」
審九案：「變更臺南市舊街區軸線(中正路、中山路)都市更新計畫(都市更新容積獎勵核算基準)案」
報告案-
報一案：「變更台南市南區都市計畫（主要計畫）通盤檢討案(逾期人民及團體陳情意見等3 件)」
臨時動議案-
臨動一案：「變更臺南市主要計畫（配合鹽水溪北岸支流排水系統-海尾寮排水整治工程）案」復議案",e57107d300420a49708a71ac0cff7470ef033b28.pdf,http://bud.tncg.gov.tw/A94032P/MGDocFiles/Files/00030071/0000000357/%E5%8F%B0%E5%8D%97%E5%B8%82%E7%AC%AC278%E6%AC%A1%E9%83%BD%E5%A7%94%E6%9C%83%E6%9C%83%E8%AD%B0%E7%B4%80%E9%8C%84.pdf
278,0980730,"臺南市都市計畫委員會第278 次會議紀錄","審議案-
審一案：「擬定台南市東區都市計畫（細部計畫）（原忠孝國中部分學校用地為中密度住宅區）案」
審二案：「變更台南市東區都市計畫（細部計畫）（部份『機E2』機關用地為『機E3』機關用地暨指定用途）案」
審三案：「變更台南市南區龍崗社區細部計畫（兒童遊樂場用地為公（兒）S1）公園兼兒童遊樂場用地案」
審四案：「變更台南市安南區(十二佃、南興里、公塭里)細部計畫(部分十二佃4-57 號計畫道路開發方式為一般徵收)案」
審五案：「變更台南市主要計畫（二等七號道路南側地區）(部分農業區、機關用地、國中小學校用地、公園用地、道路用地為住宅區、商業區、機關用地、公園用地、國小學校用地、停車場用地、河川區(兼供道路使用)、公園道用地及道路用地)案」
審六案：「擬定台南市安南區（二等七號道路南側地區）細部計畫案」
審七案：「變更台南市安南區都市計畫（主要計畫）通盤檢討案(逾期人民及團體陳情意見等2 件)」
審八案：「變更臺南市安平港歷史風貌園區特定區計畫（主要計畫）（部分保護區為機關用地）案」
審九案：「變更臺南市舊街區軸線(中正路、中山路)都市更新計畫(都市更新容積獎勵核算基準)案」
報告案-
報一案：「變更台南市南區都市計畫（主要計畫）通盤檢討案(逾期人民及團體陳情意見等3 件)」
臨時動議案-
臨動一案：「變更臺南市主要計畫（配合鹽水溪北岸支流排水系統-海尾寮排水整治工程）案」復議案",6e88269ca3434e575cdb39dc141f7c653774435b.pdf,http://bud.tncg.gov.tw/A94032P/MGDocFiles/Files/00030071/0000000358/%E5%8F%B0%E5%8D%97%E5%B8%82%E7%AC%AC278%E6%AC%A1%E9%83%BD%E5%A7%94%E6%9C%83%E6%9C%83%E8%AD%B0%E7%B4%80%E9%8C%84.pdf
277,0980521,臺南市都市計畫委員會第277次會議紀錄,"審議案--
審一案：「擬廢止本市中西區武聖段2319-2~-4、2545-2、2545-18、2545-47~52 等11筆地號內部分土地上現有巷道案」
審二案：「變更臺南市安平港歷史風貌園區特定區計畫（細部計畫）（部分第二種特定住宅區為「社1」社教用地）案」
審三案：「擬定台南市安南區(「文中25」學校用地變更為中密度住宅區)細部計畫案」
審四案：「擬定台南市安南區(「文中25」學校用地變更為中密度住宅區)細部計畫配合變更主要計畫案」
審五案：「變更台南市東區都市計畫（細部計畫）（『市E15』市場用地為『機E10』機關用地）案」
審六案：「變更台南市主要計畫（配合六塊寮排水整治工程）案」
審七案：「變更臺南市安南區（總頭寮工業區）細部計畫（配合六塊寮排水整治工程）案」
審八案：「變更臺南市安南區（和順工業區）細部計畫（配合六塊寮排水整治工程）案」
審九案：「變更臺南市安南區（和順、新和順、安順、下安順、溪頂寮）細部計畫（配合六塊寮排水整治工程）案」
審十案：「變更臺南市主要計畫（配合新吉排水整治工程）案」
審十一案：「變更臺南市安南區（十二佃、南興里、公塭里）細部計畫（配合新吉排水整治工程）案」
報告案--
報一案：「變更台南市南區都市計畫（主要計畫）通盤檢討案(逾期人民及團體陳情意見等9 件)」
臨時動議案--
臨動一案：施鴻圖委員提案修改台南市都市計畫容積移轉許可審查要點第6 點案",f0ed7870aed66eb55d7a9e00e825fe439f91e2fd.pdf,http://bud.tncg.gov.tw/A94032P/MGDocFiles/Files/00030071/0000000356/%E5%8F%B0%E5%8D%97%E5%B8%82%E6%94%BF%E5%BA%9C%E7%AC%AC277%E6%AC%A1%E9%83%BD%E5%A7%94%E6%9C%83%E6%9C%83%E8%AD%B0%E7%B4%80%E9%8C%84.pdf
276,0980410,"臺南市都市計畫委員會第276 次會議紀錄","審一案：「變更台南市安南區都市計畫（主要計畫）通盤檢討案」
審二案：「變更臺南市安平港歷史風貌園區特定區計畫(細部計畫)(「公5」公園用地為「公5-1」、「公5-2」、「公5-3」公園用地、土地使用分區管制要點第五條、第六條及都市設計管制事項第五條、第九條、第十條)案」
審三案：「擬定臺南市安平舊部落更新地區都市更新計畫」案
報一案：調整「擬定台南市安南區副都心(「商60」及其北側住宅區)細部計畫配合變更主要計畫案」報部方案(取消變更編號二)報告案",9bf984701036d9385e03f77d77fdb46b30fca2b9.pdf,http://bud.tncg.gov.tw/A94032P/MGDocFiles/Files/00030071/0000000355/%E5%8F%B0%E5%8D%97%E5%B8%82%E6%94%BF%E5%BA%9C%E7%AC%AC276%E6%AC%A1%E9%83%BD%E5%A7%94%E6%9C%83%E6%9C%83%E8%AD%B0%E8%A8%98%E9%8C%84.pdf
275,0980306,台南市政府第275次都市計畫委員會,"審一案：「變更台南市安南區中洲寮（含第三、第四期發展區部份）細部計畫（第一次通盤檢討）案」
審二案：「變更台南市主要計畫（部分「文中37」為「機75」）案」
審三案：「變更台南市東區都市計畫(主要計畫)(「文中32」學校用地為「文大12」文大用地)案」
審四案：「擬定台南市東區都市計畫(細部計畫)(原忠孝國中部分學校用地為中密度住宅區)案」
審五案：「變更台南市主要計畫（配合中華電信股份有限公司用地變更）專案通盤檢討案」
審六案：「變更台南市細部計畫（配合中華電信股份有限公司用地變更）專案通盤檢討案」
審七案：「變更台南市安南區（和順寮農場地區）細部計畫(修訂有關「商44」商業區土地使用分區管制計畫)案」
審八案：「訂定台南市野生動物保護區建蔽率、容積率案」",f781174cbc4f2c0f163dad9c7c74752f6f8ac732.pdf,http://bud.tncg.gov.tw/A94032P/MGDocFiles/Files/00030071/0000000354/%E5%8F%B0%E5%8D%97%E5%B8%82%E6%94%BF%E5%BA%9C%E7%AC%AC275%E6%AC%A1%E9%83%BD%E5%A7%94%E6%9C%83%E6%9C%83%E8%AD%B0%E7%B4%80%E9%8C%84.pdf
274,0980115,"臺南市都市計畫委員會第274 次會議記錄","審一案：「擬廢止本市安南區安北段445-70、445-28、445-83、445-24、445-81、445-20、445-79、445-2 地號等8 筆土地內現有巷道案」
審二案：「研議立德大學申請廢止本市安南區農場段159-1、159-3、160-4、160-7 地號等4 筆土地上類似道路案」
審三案：「擬廢止本市南區鹽埕段147-63、147-154 地號等2 筆部分土地上現有巷道道案」
審四案：「有條件開放本市都市計畫道路用地作為容積移轉之移出基地案」
審五案：「變更台南市主要計畫(部分「文小46」為「機74」)案」
審六案：「變更台南市主要計畫（部份「機34」機關用地及部份「文中21」高中學校用地為「醫(社)1」醫療兼社福用地）案」
審七案：「變更臺南市主要計畫（配合鹽水溪北岸支流排水系統-海尾寮排水整治工程）案」
審八案：「變更台南市安南區(新寮、溪心寮、總頭寮、十三佃)細部計畫(配合鹽水溪北岸支流排水系統-海尾寮排水整治工程)案」
審九案：「變更台南市安南區(本淵寮、十字路、海尾寮地區)細部計畫(配合鹽水溪北岸支流排水系統-海尾寮排水整治工程)案」
審十案：「變更台南市安南區(和順、新和順、安順、下安順、溪頂寮)細部計畫(配合鹽水溪北岸支流排水系統-海尾寮排水整治工程)案」
審十一案：「變更台南市安南區(本淵寮、十字路、海尾寮地區原農漁區變更為住宅區)細部計畫(配合鹽水溪北岸支流排水系統-海尾寮排水整治工程)案」
審十二案：「變更台南市主要計畫(配合鹿耳門排水系統-鹿耳門排水整治工程)案」",8d3433ea79c4806c1d1a34a65de7ff8479526cd7.pdf,http://bud.tncg.gov.tw/A94032P/MGDocFiles/Files/00030071/0000000353/%E8%87%BA%E5%8D%97%E5%B8%82%E6%94%BF%E5%BA%9C%E7%AC%AC274%E6%AC%A1%E9%83%BD%E5%A7%94%E6%9C%83%E6%9C%83%E8%AD%B0%E7%B4%80%E9%8C%84.pdf
273,0971204,"臺南市都市計畫委員會第273 次會議記錄","審一案：「擬廢止本市中西區頂美段262-2、262-3、174-3、174-4、322-1地號等5 筆土地內現有巷道案」
審二案：「擬廢止本市中西區康樂街282 巷31 號~33 號（永安段427-1 地號內）部分現有巷道案」
審三案：「變更臺南市北區細部計畫鄭子寮地區三等二十三號道路以北第一區（原「油十八」加油站用地變更為低密度住宅區）（修訂事業及財務計畫）」案」
審四案：「變更台南市安南區中洲寮（含第三、第四期發展區部份）細部計畫（第一次通盤檢討）案」
審五案：「變更台南市主要計畫（黃金海岸地區）案」
審六案：「擬定台南市南區細部計畫（黃金海岸地區）案」
審七案：「變更臺南市安平港歷史風貌園區特定區計畫(主要計畫)(變更原臺南市主要計畫部分)(內政部都委會第618 次會議決議區段徵收範圍)(部分特定文化專用區為古蹟保存區及公園用地、公園用地
為特定文化專用區)案」
審八案：「變更臺南市安平港歷史風貌園區特定區計畫（細部計畫）（內政部都委會第618 次會議決議區段徵收範圍）（部分第二種特定文化專用區為古蹟保存區及公園用地、第二種特定文化專用區為道
路用地及公兒用地、公園用地為第二種特定文化專用區）案」
審九案：「變更台南市主要計畫(配合鹿耳門排水系統-土城仔排水整治工程)案」
審十案：「變更台南市安南區(土城)細部計畫(配合鹿耳門排水系統-土城仔排水整治工程)案」
審十一案：「變更台南市安南區(土城地區農漁區變更為住宅區)細部計畫(配合鹿耳門排水系統-土城仔排水整治工程)案」",5cff18c2d8769adcbd14d8cf32f8446def9c9ac7.pdf,http://bud.tncg.gov.tw/A94032P/MGDocFiles/Files/00030071/0000000241/%E5%8F%B0%E5%8D%97%E5%B8%82%E6%94%BF%E5%BA%9C%E7%AC%AC273%E6%AC%A1%E9%83%BD%E5%A7%94%E6%9C%83%E6%9C%83%E8%AD%B0%E7%B4%80%E9%8C%84.pdf
272,0971017,"臺南市都市計畫委員會第272 次會議記錄","審議第一案：
「擬廢止本市東區光華段333、376、377、380-2 地號內現有巷道案」

審議第二案：
「變更台南市鹽埕舊社區暨新興國宅社區細部計畫（國宅土地專案通盤檢討）案-逾人陳提會審議案」

審議第三案：
「變更台南市安南區都市計畫(主要計畫)通盤檢討案」",023e61360cca411167160c6b7c3347b6a568f179.pdf,http://bud.tncg.gov.tw/A94032P/MGDocFiles/Files/00030071/0000000237/272%E6%AC%A1%E9%83%BD%E5%A7%94%E6%9C%83%E6%9C%83%E8%AD%B0%E8%A8%98%E9%8C%84.pdf
271,0970918,"臺南市都市計畫委員會第271 次會議記錄","審議第一、二案-
「擬定台南市安平區（「商61」商業區）細部計畫案與擬定台南市安平區（「商61」商業區）細部計畫配合變更主要計畫案」
審議第三案-
「變更台南市主要計畫（配合日新溪排水-喜樹五號排放渠整治工程）案」
審議第四案-
「擬定臺南市東區榮譽街北側地區都市更新計畫案」
審議第五案-
「擬定臺南市安南區外塭休憩公園南側地區都市更新計畫案」",9920e2b56cf14e65ab74922723dcb68177a90948.pdf,http://bud.tncg.gov.tw/A94032P/MGDocFiles/Files/00030071/0000000236/%E8%87%BA%E5%8D%97%E5%B8%82%E6%94%BF%E5%BA%9C%E7%AC%AC271%E6%AC%A1%E9%83%BD%E5%A7%94%E6%9C%83%E6%9C%83%E8%AD%B0%E8%A8%98%E9%8C%84.pdf
270,0970731,本市都市計畫委員會第270次會議記錄,"審議案-
第一案：「擬廢止本市中西區民權路3 段320 巷(協進段953-12 地號內)部分現有巷道案」
第二案：「變更台南市鹽埕舊社區暨新興國宅社區細部計畫（國宅土地專案通盤檢討）案逾期人民陳情提會審議案」
第三案：「變更台南市主要計畫（運河星鑽特定專用區西側)部分中密度住宅區及特定專用區為道路用地案」
第四案：「建議修訂97 年5 月22 日本會審議通過之（台南市都市計畫宗教專用區檢討變更審議原則）案」",6faf28ecdc291a48d9d1015e732e2be700759414.pdf,http://bud.tncg.gov.tw/A94032P/MGDocFiles/Files/00030071/0000000235/270%E6%AC%A1%E9%83%BD%E5%A7%94%E6%9C%83%E6%9C%83%E8%AD%B0%E8%A8%98%E9%8C%84.pdf
269,0970703,台南市都市計畫委員會第269次會議,"審議案-
第一案：「變更台南市東區主要計畫（南台南站副都心地區）案暨擬定台南市東區細部計畫（南台南站副都心地區）案」
第二案：「變更台南市主要計畫(部分「綠18」、「商43」為「文中75」，部分「綠18」為「商43」)案」
第三案：「變更台南市東區細部計畫(「綠18」為「停E3」)案」
第四案：「變更台南市鹽埕舊社區暨新興國宅社區細部計畫（國宅土地專案通盤檢討）案」
第五案：「變更台南市主要計畫(配合鹿耳門排水系統(溪筏港之一排水)整治工程)案」
第六案：「變更台南市主要計畫(配合鹿耳門排水系統(溪南寮排水)整治工程)案
報告案-
第一案：「台南市主要計畫（中西區、北區、安平區、南區、安南區）沿街商業區劃設及配套作法」
臨時動議案-
第一案：「變更台南市南區都市計畫（主要計畫）通盤檢討案變更編號第一-1?一-12 案暨公展期間人民及團體陳情意見綜理表編號第1 案、第13-9案」",27e71c5de53351d8c3432bc21ba410753fa7941c.pdf,http://bud.tncg.gov.tw/A94032P/MGDocFiles/Files/00030071/0000000233/%E8%87%BA%E5%8D%97%E5%B8%82%E6%94%BF%E5%BA%9C%E7%AC%AC269%E6%AC%A1%E9%83%BD%E5%A7%94%E6%9C%83%E6%9C%83%E8%AD%B0%E8%A8%98%E9%8C%84.pdf
268,0970612,臺南市都市計畫委員會第268次會議,"審議案-
第一案：「擬定台南市東區（「商65」商業區）細部計畫案」
第二案：「變更台南市東區主要計畫（南台南站副都心地區）案」
第三案：「變更台南市東區主要計畫（南台南站副都心地區）案」
第四案：「變更台南市南區(喜樹、灣裡地區)細部計畫（國宅土地專案通盤檢討）案」
第五案：「變更台南市南區(喜樹、灣裡地區)細部計畫（國宅土地專案通盤檢討）配合變更主要計畫案」
第六案：「擬定臺南市安平港歷史風貌園區特定區計畫(細部計畫)土地使用分區管制要點及公共設施專案通盤檢討案（調整部分公3公園用地之容積率及建蔽率案」",3390bdb469c38a9f97476d54b515cbd80069ed8d.pdf,http://bud.tncg.gov.tw/A94032P/MGDocFiles/Files/00030071/0000000232/%E7%AC%AC268%E9%83%BD%E5%A7%94%E6%9C%83%E6%9C%83%E8%AD%B0%E8%A8%98%E9%8C%84.pdf
267,0970522,臺南市都市計畫委員會第267次會議紀錄,"審議案-
第一案：再審議變更台南市主要計畫（部份農業區及部份「文中63」國中學校用地為滯洪池用地）案
第二案：擬定台南市安南區副都心(「商60」及其北側住宅區)細部計畫配合變更主要計畫案
第三案：變更台南市南區都市計畫（主要計畫）通盤檢討案
臨時動議案-
第一案：建議修訂97 年4 月14 日本會審議通過之「台南市都市計畫宗教專用區檢討變更審議原則」案",143e5c6cc3d9507a4ef895a9b41ba19ae75af16f.pdf,http://bud.tncg.gov.tw/A94032P/MGDocFiles/Files/00030071/0000000231/%E8%87%BA%E5%8D%97%E5%B8%82%E6%94%BF%E5%BA%9C%E7%AC%AC267%E9%83%BD%E5%A7%94%E6%9C%83%E6%9C%83%E8%AD%B0%E8%A8%98%E9%8C%84.pdf
266,0970417,臺南市都市計畫委員會第二六六次會議,"審議案-
第一案：「擬廢止本市北區公園段542、538、536、529 地號內部分土地上現有巷道案」
第二案：變更台南市主要計畫(配合鹿耳門排水系統(土城子一之二排水)整治工程)案
第三案：變更台南市主要計畫(配合鹿耳門排水系統(學甲寮排水)整治工程案
第四案：訂定「台南市都市計畫宗教專用區檢討變更審議原則」
報告案-
第一案：「擬定臺南市安平港歷史風貌園區特定區計畫(細部計畫)土地使用分區管制要點及公共設施專案通盤檢討案」人陳案第1 案及第3 案處理情形報告
第二案：擬定臺南市中西區特定專用區（舊運河造船廠一帶）細部計畫案
臨時動議-
臨動ㄧ：「變更台南市安平區都市計畫（主要計畫）通盤檢討案」（為公60公園設置及用地取得，配合辦理變更部分港埠用地為公園用地案）",22e7c0aaa502950b89188d2a66c9ee89086cdb05.pdf,http://bud.tncg.gov.tw/A94032P/MGDocFiles/Files/00030071/0000000230/266%E6%9C%83%E8%AD%B0%E7%B4%80%E9%8C%84.pdf
1,0970311,97年度臺南市都市更新審議委員會第一次會議,,c3bb2c370bce95fd5188649edb4faf35f6ac2062.pdf,http://bud.tncg.gov.tw/A94032P/MGDocFiles/Files/00030071/0000000379/0311%E6%9C%83%E8%AD%B0%E8%A8%98%E9%8C%84.pdf
265,0970307,臺南市都市計畫委員會第265次會議紀錄,"審議案-
第一案：變更台南市主要計畫（部分農業區、住宅區、「機12」機關用地為河川區及部分農業區、「文小25」國小學校用地、「公24」公園用地為河川區(兼作道路使用)）案
第二案：變更台南市主要計畫（部份農業區及部份「文中63」國中學校用地為滯洪池用地）案
第三案：「變更台南市安南區(海佃路一段東側地區)細部計畫(修訂重劃範圍書圖不符及事業及財務計畫、土地使用分區管制計畫)案」
第四案：擬廢止本市東區府連路344 巷35 弄部分現有巷道（東區竹篙厝段630-148 地號內）
報告案-
第一案：「變更台南市北區都市計畫（主要計畫）通盤檢討案」再提會報告",68e11688b1dcdddb9752413ff9cb6e8d164586e6.pdf,http://bud.tncg.gov.tw/A94032P/MGDocFiles/Files/00030071/0000000229/%E5%8F%B0%E5%8D%97%E5%B8%82%E6%94%BF%E5%BA%9C%E7%AC%AC265%E6%AC%A1%E9%83%BD%E5%A7%94%E6%9C%83%E6%9C%83%E8%AD%B0%E8%A8%98%E9%8C%84.pdf
264,0970131,臺南市都市計畫委員會第二六四次會議紀錄,"審議案-
第一案：變更台南市主要計畫（「台南市都市計畫變更回饋規定及變更為商業區申請規範」）專案通盤檢討（都市計畫變更回饋規定第三之（三）條及第五條部分）案
研議案-
第一案：廢除本市中西區永安段427-1 地號土地內現有巷道案
報告案-
第一案：「擬定台南市東區（「商65」商業區）細部計畫案」逾期人陳案再提會報告",8391f094702d33991e5f1105c9e55eec135378ca.pdf,http://bud.tncg.gov.tw/A94032P/MGDocFiles/Files/00030071/0000000228/%E5%8F%B0%E5%8D%97%E5%B8%82%E6%94%BF%E5%BA%9C%E7%AC%AC264%E6%AC%A1%E9%83%BD%E5%A7%94%E6%9C%83%E6%9C%83%E8%AD%B0%E7%B4%80%E9%8C%84.pdf
263,0961214,"報告案：
第一案：內政部函送「法務部『政府機關易滋弊端業務之研析與防制對策報告：(8)都市計畫』」及「都市計畫委員會專案小組之定位、審查會議紀錄性質、會議出席委員人數及改進措施等」提會報告案。
審議案：
第一案：擬廢止臺南市北華段212地號內部分現有巷道案；
第二案：擬廢止臺南市國安段791-3、791-4、791-8、791-9、791-11、791-43、791-44等7筆地號內部分現有巷道案；
第三案：擬定臺南市安平港歷史風貌園區特定區計畫（細部計畫）土地使用分區管制要點及公共設施專案通盤檢討案。
研議案：
第一案：研商「由住宅區附帶條件變更為商業區土地，尚未依都市計畫變更回饋規定完成回饋手續前，申請設置旅館時應依都市計畫法台灣省施行細則第15條規定或依同細則第17條規定管制執行疑義」。
臨時動議案：
第一案：「台南市南區（灣裡地區原農漁區變更為住宅區）細部計畫(第一次通盤檢討)案」逾期人民陳情提會審議。",,5ee432cf5e8c167c87b9a074458f063dad191783.pdf,http://bud.tncg.gov.tw/A94032P/MGDocFiles/Files/00030071/0000000227/96121401.pdf
262,0960914,"審議案：
第一案：變更台南市主要計畫(總頭寮工業區東側)部分農業區為道路用地案；第二案：變更台南市主要計畫（「工2」工業區為商業區）案；第三案：擬定台南市東區（「商65」商業區）細部計畫案",,a915eac09d4342f98c2f9d0fddccbcc7e2aa8e33.pdf,http://bud.tncg.gov.tw/A94032P/MGDocFiles/Files/00030071/0000000226/96091401.pdf
261,0960806,"依據96 年7 月16 日南市都計字第09616538940 號臺南市都市計畫委員會第
260 次會議紀錄辦理。","（一）「擬定台南市安南區(海佃路一段東側地區)細部計畫案」係依法於民國91
年7 月3 日發佈實施，依其細部計畫說明書第五章實質計畫第一節計畫人
口及土地使用計畫載明：「……。另為取得公共設施用地，參照安南區其
他地區之規定，於海佃國小南側尚未建設地區劃設重劃範圍(分區名稱為
住二部分)，並規定應以市地重劃方式進行開發……」（附件一），另參照
第七章事業及財務計畫所載：「……辦理重劃範圍內各項面積統計詳如表
八，其配置內容詳如圖十。」（附件二）。
（二）次按市府都市發展局依照本案現行已發佈實施之細部計畫內容，重新以一
千分之ㄧ數值航測地形圖進行核算，顯示該市地重劃範圍面積約為8.25
公頃、公共設施面積負擔比例僅約30%，而該案發布實施之細部計畫說明
書第七章事業及財務計畫所載市地重劃範圍面積約為7.72 公頃、公共設
施負擔比率約為39.12%，其市地重劃範圍面積誤差為0.53 公頃、公共設
施負擔比率約為9.12%，兩者非屬合理誤差範圍，顯係為計畫書、圖不符。
（三）依據內政部68 年3 月13 日台內營字第942 號解釋函：「都市計畫書圖不
符時，應查明其錯誤原因予以訂正，並依都市計畫變更程序辦理，但不受
定期通盤檢討之限制」，故現因細部計畫說明書與計畫圖不一致，為求兼
顧人民權益、行政程序及實務執行之衡平性，本府擬依前述內政部解釋函
及相關都市計畫法令辦理該案之都市計畫變更程序，以修正計畫書圖不符
之部分。",f4e3824f866f24942c4f1955a26f18b7fb3a216e.pdf,http://bud.tncg.gov.tw/A94032P/MGDocFiles/Files/00030071/0000000225/96082901.pdf
260,0960627,"研議案：第一案：「擬定台南市安南區(海佃路一段東側地區)細部計畫案」之第七章事業及財務計畫內有關市地重劃範圍負擔比例疑義案審議案：第一案：變更台南市北區(「停4-1」停車場用地及「市4-3」市場用地為「機N1」機關用地)細部計畫案第二案：「變更台南市安平區都市計畫(主要計畫)通盤檢討案」臨時動議案：第一案：變更台南市北區都市計畫(主要計畫)通盤檢討案變更編號第五-1 案及逾期人民陳情意見案第一案：延平國中第二期好望角新建工程",,174c803505c9c824e39ac988bfb3366821bb2a1b.pdf,http://bud.tncg.gov.tw/A94032P/MGDocFiles/Files/00030071/0000000220/9606260.pdf
259,0960530,"「擬定廢止台南市東寧路134巷(東寧段757、758、772、773地號內)部分現有巷道案」
「變更台南市北區(「停4-1」停車場用地及「市4-3」市場用地為「機N1」機關用地）細部計畫案」
「變更台南市主要計畫(配合鹽水污水處理廠用地變更)案」
「變更台南市主要計畫(配合柴頭港溪排水整治工程)案」",,6f00a05219f8906a3f424dc8a75afa390465deec.pdf,http://bud.tncg.gov.tw/A94032P/MGDocFiles/Files/00030071/0000000219/96053001.pdf
258,0960314,"第一案：「台南市南區（灣裡地區原農漁區變更為住宅區）細部計畫(第一次通盤檢討)案」。
第二案：「變更台南市南區（灣裡地區原農漁區變更為住宅區）細部計畫（第一次通盤檢討）配合變更主要計畫（部分低密度住宅區為商業區、文小用地、公園用地、道路用地及文中小用地為低密度住宅區、商業區、文小用地、道路用地）案」。
第三案：變更台南市東區都市計畫(主要計畫)(暫予保留第三案)案。
第四案：擬定台南市東區(德高地區原保護區及部分文小用地為中密度住宅區)細部計畫案。
第五案：訂定本市東區臺南車站鐵路用地容積率案。",,4c5e964e08b8b7d57a46189f3346131c028f477c.pdf,http://bud.tncg.gov.tw/A94032P/MGDocFiles/Files/00030071/0000000218/960314258.pdf
256,0951121,"報告案：
第一案：「有關本委員會因審議案件複雜，需組成專案小組進行實質審議，其組成之方式及辦理程序，提請大會裁示。」
審議案：
第一案：「擬廢止安南區北安路三段390之20號旁巷道內現有巷道（安南區怡北段1293、1297、1298、1299地號）案」 
第二案：「變更台南市主要計畫（部分機場用地為「綠三十」綠地）案」 
第三案：「變更台南市北區都市計畫（主要計畫）通盤檢討案（依內政部都市計畫委員會第二次專案小組會議紀錄再提台南市都市計畫委員會審議案）」 
第四案：「變更台南市中西區都市計畫（主要計畫）通盤檢討案（依台南市都市計畫委員會第250次會會議紀錄補辦公開展覽案）」 
臨時動議案：
第一案：「變更台南市中西區都市計畫（主要計畫）通盤檢討案（變更編號第二-5案「機25」機關用地變更內容調整案）」",,d363733bef289ca0ab200ac8bf01cc326ec80458.htm,http://bud.tncg.gov.tw/A94032P/MGDocFiles/Files/00030071/0000000221/951121256.htm
255,0950912,"第一案：「變更臺南市東區（「廣（停）E1」廣場兼停車場用地為「機E12」機關用地）細部計畫案」 
第二案：「擬廢止安平區運河路西側部分（妙壽段1241、1241-7、80-23、80-11、80-14、80-26、80-12、80-24、80-2地號）現有巷道案」 
第三案：「變更台南市東區都市計畫（細部計畫）通盤檢討案（補辦公開展覽）」 
第四案：「擬定台南市北區（「商62」商業區及「市26」市場用地）細部計畫案」逾期人民陳情案再提會討論 
第五案：「變更台南市北區細部計畫鄭子寮三等廿三號道路以北第一區（原「油十八」加油站用地變更為低密度住宅區）（修訂事業及財務計畫）案」再提會討論 
第六案：「變更台南市主要計畫(配合台南生活圈道路系統建設計畫－西門路延伸線「三-14-22M」道路工程用地線型調整)案」再提會討論 
第七案：「變更台南市主要計畫（「機60」、「文中61」、「文中62」與「文小79」等用地調整）案」 
第八案：「變更台南市安南區(「市3」市場用地及四公尺步道用地為「機AS3」機關用地)細部計畫案(依台南市都市計畫委員會第250次會會議記錄補辦公開展覽)」再提會討論",,75300b63f197b91e5ddcb516a208f0851224da86.htm,http://bud.tncg.gov.tw/A94032P/MGDocFiles/Files/00030071/0000000224/9509255.htm
254,0950718,研議案：共二案;審議案：共四案,"七、研議案：共二案（並當場確認會議記錄），詳後附件。

第一案：「擬定台南市安平港歷史風貌園區特定區計畫（細部計畫）案」涉及安平舊聚落保存與再發展相關規定執行疑義 提請研議。

第二案：有關臺南紡織公司申請變更「工2」工業區為商業區案 提請研議。第一案：變更台南市主要計畫(配合台南生活圈道路系統建設計畫－西門路延伸線「三-14-22M」道路工程用地線型調整)案。

八、審議案：共四案（並當場確認會議記錄），詳後附件。

第一案：變更台南市主要計畫(配合台南生活圈道路系統建設計畫－西門路延伸線「三-14-22M」道路工程用地線型調整)案。

第二案：變更台南市主要計畫（部分農業區為醫療專用區）案再提會審議。

第三案：擬定台南市安南區（「醫（專）2」醫療專用區）細部計畫案再提會審議。

第四案：「變更台南市北區細部計畫鄭子寮三等廿三號道路以北第一區（原「油十八」加油站用地變更為低密度住宅區）（修訂事業及財務計畫）案」再提會討論。",be0cf9aace5eeac5ad696b81fa7dd750b9e797b1.pdf,http://bud.tncg.gov.tw/A94032P/MGDocFiles/Files/00030071/0000000216/9507254all.pdf
253,0950613,"變更台南市安南區(「市3」市場用地及四公尺步道用地為「機AS3」機關用地)細部計畫案(依台南市都市計畫委員會第250次會會議記錄補辦公開展覽)、「擬廢止安南區城西街二段263巷42號西側街廓內之現有巷道案」、「變更台南市北區細部計畫鄭子寮三等廿三號道路以北第一區（原「油十八」加油站用地變更為低密度住宅區）（修訂事業及財務計畫）案」、「變更台南市北區都市計畫（主要計畫）通盤檢討案 變更編號五-6等案」","第一案：「變更台南市安南區(「市3」市場用地及四公尺步道用地為「機AS3」機關用地)細部計畫案(依台南市都市計畫委員會第250次會會議記錄補辦公開展覽)」
第二案：「擬廢止安南區城西街二段263巷42號西側街廓內之現有巷道案」
第三案：「變更台南市北區細部計畫鄭子寮三等廿三號道路以北第一區（原「油十八」加油站用地變更為低密度住宅區）（修訂事業及財務計畫）案」
第四案：「變更台南市北區都市計畫（主要計畫）通盤檢討案 變更編號五-6等案  再提會審議」",f1e1800786d124c3722ccf9975fd103beac96df6.doc,http://bud.tncg.gov.tw/A94032P/MGDocFiles/Files/00030071/0000000007/%E7%AC%AC%E5%9B%9B%E6%A1%88++950613%E7%AC%AC253%E6%AC%A1%E5%B8%82%E9%83%BD%E5%A7%94%E6%9C%83%E6%8F%90%E6%A1%88%E5%96%AE%EF%BC%88%E7%B4%80%E9%8C%84%EF%BC%89.doc
252,0950509,"變更台南市主要計畫(部分住宅區、農業區為道路用地)案 、變更台南市安南區(海佃路一段西側地區)細部計畫(九份子市地重劃範圍專案通盤檢討)案、變更台南市主要計畫（部分農業區為醫療專用區）案、擬定台南市安南區（「醫（專）2」醫療專用區）細部計畫案、擬廢止中西區南寧段213、213-1、-3、225地號內之現有巷道案、「變更台南市主要計畫(「污1」污水處理廠用地為乙種工業區【附】)(依台南市都市計畫委員會第244次會會議記錄補辦公開展覽)案。」、「變更台南市安南區和順工業區細部計畫(專案通盤檢討)(「污1」污水處理廠用地為乙種工業區【附】及道路用地)(依台南市都市計畫委員會第244次會會議記錄補辦公開展覽)案」、台南市舊五條港周圍地區都市更新計畫案",略,33638d5faa76043e26496165c3bc01c39fdfef8b.htm,http://bud.tncg.gov.tw/A94032P/MGDocFiles/Files/00030071/0000000004/9505252.htm
251,0950328,有關成功大學力行校區與原國軍高雄總醫院台南分院間現有巷道廢止案附帶條件應配置之替代類似通路案、台南市舊街區軸線（中正路、中山路）都市更新案、變更台南市主要計畫(「污1」污水處理廠用地為乙種工業區(附))(依台南市都市計畫委員會第244次會會議記錄補辦公開展覽)案、變更台南市安南區和順工業區細部計畫(專案通盤檢討)(「污1」污水處理廠用地為乙種工業區(附)及道路用地)(依台南市都市計畫委員會第244次會會議記錄補辦公開展覽)案,,bf7a850521e3b16e128ac36b77768b72853fc853.htm,http://bud.tncg.gov.tw/A94032P/MGDocFiles/Files/00030071/0000000059/950328251.htm
250,0950321,變更台南市安南區(「市3」市場用地為「機AS3」機關用地)細部計畫案(依台南市都市計畫委員會第246次會會議記錄補辦公開展覽)、變更台南市中西區都市計畫（主要計畫）通盤檢討案續提會審議,,3821fd8f27c346c5e162a52f074804ddb1c089f6.htm,http://bud.tncg.gov.tw/A94032P/MGDocFiles/Files/00030071/0000000058/950321250.htm
249,0950222,變更台南市主要計畫(「機39」機關用地調整指定用途)案、變更台南市中西區都市計畫（主要計畫）通盤檢討案、,,7b141f7b56b6e2d30ef0ecc00ec86d45e61e2121.htm,http://bud.tncg.gov.tw/A94032P/MGDocFiles/Files/00030071/0000000057/950222249.htm
248,0950124,變更台南市東區都市計畫(主要計畫)通盤檢討案—有關變更「糖業試驗所（機32）、鄰近農業區、西側鐵路與保護區」案、擬定臺南市安平港歷史風貌園區特定區計畫（細部計畫）案、變更台南市主要計畫(配合鹽水污水處理廠用地變更)案、變更台南市中西區（部分『商1』商業區為『機C3』機關用地）細部計畫案,,04bc89a6811381b45b1e15f1634a9d231b9e6ae6.htm,http://bud.tncg.gov.tw/A94032P/MGDocFiles/Files/00030071/0000000056/950124248.htm
247,0941226,變更台南市北區(「廣(停)1」廣場兼停車場用地為「機N5」機關用地)細部計畫案、變更台南市主要計畫(配合臺南污水處理廠用地調整及西濱公路截彎取直)案、「變更台南市安南區和順工業區細部計畫(專案通盤檢討)案(依台南市都市畫委員會第244次會會議記錄補辦公開展覽--人民陳情案件第七案)」、擬定台南市北區（「商62」商業區及「市26」市場用地）細部計畫案、變更台南市北區都市計畫（主要計畫）通盤檢討案-變更編號二-1（商1變更為住宅區）案、變更臺南市東區都市計畫（細部計畫）通盤檢討案-有關人民陳情案件與土地使用分區管制要點,,f73464fefc30f62164a54d27fe83afd152eba714.htm,http://bud.tncg.gov.tw/A94032P/MGDocFiles/Files/00030071/0000000055/941026247.htm
246,0941111,「變更台南市安平區（「市5」市場用地為「機AP15」機關用地）細部計畫案」、「變更台南市安平區（部分低密度住宅區為「機AP16」機關用地及「公兒AP14」公園兼兒童遊樂場用地）細部計畫案」、「變更台南市安南區（「停1」停車場用地為「公兒AS66」公園兼兒童遊樂場用地）細部計畫案」、「變更台南市安南區（「市3」市場用地為「機AS3」機關用地）細部計畫案」、「變更台南市主要計畫（部分綠地為垃圾處理場用地）案」、「變更台南市東區都市計畫（細部計畫）通盤檢討案」,,ec8afe1decac2fea1a5ea3fb5942847f788b4528.htm,http://bud.tncg.gov.tw/A94032P/MGDocFiles/Files/00030071/0000000054/941111246.htm
245,0941014,本市安南區安北段445-1地號土地內之現有巷道廢止及改道案、變更台南市東區都市計畫（主要計畫）通盤檢討案--有關「文小66」學校用地變更案再提會審議,,4eaefe647b6bd13d83ee462d4a20e7b5024c66aa.htm,http://bud.tncg.gov.tw/A94032P/MGDocFiles/Files/00030071/0000000053/9410245.htm
244,0940923,"第一案：擬廢止北區成功路22巷旁之現有巷道（如附圖）案
第二案：請審議「變更台南市安南區和順工業區細部計畫(專案通盤檢討)案」",,5e40f14e77c7d0d4d05fcd632526398d56b93af3.htm,http://bud.tncg.gov.tw/A94032P/MGDocFiles/Files/00030071/0000000223/9409244.htm
243,0940902,擬定台南市細部計畫(水交社文化園區)案（再提會審議）、變更台南市(商43－東區副都心)細部計畫(「停一」停車場用地為機關用地)案、擬定台南市中西區特定專用區(舊運河造船廠一帶)土地使用管制案、請廢除本市東區仁和段920-81地號等土地範圍內迴車道案、變更台南市北區都市計畫（主要計畫）通盤檢討,,3197e0edbe9dcf0fff5cfa5f26d213ab3407b0d4.htm,http://bud.tncg.gov.tw/A94032P/MGDocFiles/Files/00030071/0000000052/9409243.htm
242,0940615,"研議案：
第一案：變更台南市安南區和順工業區細部計畫(專案通盤檢討)案－事業及財務計畫內容
第二案：擬定台南市安平區（漁光段部分原港埠用地變更為商業區、道路用地、停車場用地及綠地用地）細部計畫案
第三案：變更台南市東區都市計畫(主要計畫)通盤檢討案有關變更「文小66」學校用地為「體5」體育場用地研議案
第四案：鹽水污水處理廠用地變更案
臨時動議：
第一案：變更台南市主要計畫（第四次通盤檢討）（第二階段）案
第二案：變更台南市東區都市計畫(主要計畫)通盤檢討案--有關變更「糖業試驗所（機32）、鄰近農業區、西側鐵路與保護區」案",,fc6a5458515f2355f379252b2e4fe89f28cc78ed.htm,http://bud.tncg.gov.tw/A94032P/MGDocFiles/Files/00030071/0000000222/9406242.htm
241,0940518,變更台南市安南區(和順、新和順、安順、下安順、溪頂寮）細部計畫（部分停車場用地、道路用地為公園兼兒童遊樂場用地)案、「變更台南市北區大豐段1313-48「廣停3」廣場兼停車場用地、南區鹽埕段3109-17「中密度住宅區」及鹽埕段3108-9「幼4」幼稚園用地為「公兒9」、「公兒S28」、「公兒S25」公園兼兒童遊樂場用地細部計畫案」、變更台南市北區都市計畫（主要計畫）通盤檢討案、擬定台南市細部計畫（水交社眷村文化園區）案、台南市舊街區軸線（中正路、中山路）都市更新計畫案、台南市舊五條港周圍地區都市更新計畫案、廢除本市中西區南門段三小段26-5、29、29-1、29-3、30、30-2、30-4等7筆地號土地內之現有巷道案、變更德高國小東側保護區、擬定台南市中西區（體「專」1體育休閒特定專用區及其東側「F-5-10M」出入道路）細部計畫案,,cb0438c6759bb2aef28db7803b207d4fb2a4ea80.htm,http://bud.tncg.gov.tw/A94032P/MGDocFiles/Files/00030071/0000000051/9405241.htm
240,0940415,「台南市中西區海安路地下化路段更新地區都市更新計畫」案、「變更台南市主要計畫（部分綠地為垃圾處理場用地）案」、廢除台南市中西區頂美段1338、1339等二筆土地內之現有巷道、訂定「台南市政府都市計畫容積移轉許可審查要點」,,53223ae1e28928db161d220f2e8eefcd75e6663a.pdf,http://bud.tncg.gov.tw/A94032P/MGDocFiles/Files/00030071/0000000050/9404240.pdf
239,0940201,變更台南市主要計畫（停車場用地「停五」為公園用地「公六十二」）案、變更台南市主要計畫(「文小53用地」及部分低密度住宅區為市場用地及商業區、「文中36」用地為「文中小4」用地)案、變更台南市主要計畫(配合東西向快速公路「台八十六線」台南市路段北移調整)案,,57f0bacd4c7c63cf2a27f3200b9e0f3c23d1c23d.pdf,http://bud.tncg.gov.tw/A94032P/MGDocFiles/Files/00030071/0000000049/9402239.pdf
238,0931230,變更台南市主要計畫（水交社文化園區）案、變更台南市主要計畫(公園道用地「公道四」及部分中密度住宅區為公園用地「公六十三」)案、擬定台南市北區鄭子寮地區「商31」商業區細部計畫案、變更台南科技工業區（東區部分）細部計畫（第一次通盤檢討）案、訂定臺南市污水處理廠用地建蔽率與容積率案、擬廢除本市東區光明段225、227、228、229、230地號等五筆土地範圍內現有巷道案,,9b1bd8112c72979013c0b2c57aee1e3ace2dde1d.pdf,http://bud.tncg.gov.tw/A94032P/MGDocFiles/Files/00030071/0000000048/9401238.pdf
237,0931126,「變更台南市細部計畫(運河兩側地區)案」、「擬定臺南市安平港國家歷史風景特定區計畫（主要計畫）案」計畫範圍及確認本市都委會第236次會議紀錄、「變更台南市北區細部計畫鄭子寮地區三等二十三號道路以北第一至第五區（部分公兒用地變更河川區、部分住宅區變更公兒用地及變更開發方式）案」、「廢除臺南市中西區頂美段一二八七之五、一二八七之六、一二八七之七、一二八七之八、一二八七之九、一二八八、一二九０、一二九一、一二九二、一三一五、一三一六等十一筆地號土地內之現有巷道案」,,b6b53c89f3e1b7a498abc85b8f4417c0f04de636.pdf,http://bud.tncg.gov.tw/A94032P/MGDocFiles/Files/00030071/0000000047/9312237.pdf
236,0931104,「變更台南市北區細部計畫鄭子寮地區三等二十三號道路以北第一區(原「油18」加油站用地變更為低密度住宅區)案」、「擬定臺南市安平港國家歷史風景特定區計畫（主要計畫）案」,,218949816de1db541a626e984982ba2172918e62.pdf,http://bud.tncg.gov.tw/A94032P/MGDocFiles/Files/00030071/0000000046/9311236.pdf
235,0931021,「變更台南市主要計畫(部分機關用地、住宅區為創意文化園區專用區)案」、「變更臺南市安平區細部計畫（古堡段87地號等七筆土地道路用地及低密度住宅區為公園兼兒童遊樂場用地）案」、「變更台南市北區鄭子寮地區三等二十三號道路以北第三、四區細部計畫(「廣停4-6」廣場兼停車場用地為市場用地)案」、「變更臺南市主要計畫（安南區城西里農業區為觀光休閒停泊用地）案」、「變更臺南市主要計畫（水交社文化園區）案」、「變更臺南市細部計畫（水交社文化園區）案」、「擬廢止臺南市中西區環河段一一、一一之二、一一之三等三筆地號土地內之現有巷道案」、「廢除本市南山段963、963-2、-7、-8、-9地號等五筆土地範圍內（興南街222巷及252巷）現有巷道案」、「廢除本市鹽埕段172地號土地範圍內（健康路一段333巷38弄）現有巷道案」,,9b1a3741d6fa3db2dac4258f2431a9ea57ed949c.pdf,http://bud.tncg.gov.tw/A94032P/MGDocFiles/Files/00030071/0000000045/9311235.pdf
234,0930915,「變更台南市鄭子寮地區（三等二十三號道路以北第一至第五區）細部計畫（開發方式）案」,,9fb5b460388057a0dc88cad730b6c5353ffd6fae.pdf,http://bud.tncg.gov.tw/A94032P/MGDocFiles/Files/00030071/0000000044/9310234.pdf
233,0930823,「變更台南市鄭子寮地區（三等二十三號道路以北第一至第五區）細部計畫（開發方式）案」、請再審議「變更台南市安南區和順工業區細部計畫（第一次通盤檢討）案－事業及財務計畫內容」、「擬定臺南市安平港國家歷史風景特定區計畫（主要計畫）案」、「擬定臺南市安平港國家歷史風景特定區計畫（細部計畫）案」,,4446a8762764cb74dd15ec5b2c549e03e92dfde4.pdf,http://bud.tncg.gov.tw/A94032P/MGDocFiles/Files/00030071/0000000043/9309233.pdf
231,0930702,「變更台南市主要計畫(運河兩側地區)案」、「變更台南市細部計畫(運河兩側地區)案」,,aec37c671b2f725ff86b84f7afac253e08e0a20d.pdf,http://bud.tncg.gov.tw/A94032P/MGDocFiles/Files/00030071/0000000041/9307231.pdf
232,0930618,變更臺南市東區都市計畫（主要計畫）通盤檢討案,,64da4d555ebbc0212d507381533bd0b41b72c4c2.pdf,http://bud.tncg.gov.tw/A94032P/MGDocFiles/Files/00030071/0000000042/9309232.pdf
230,0930316,「擬定台南市北區鄭子寮地區「商31」商業區細部計畫案」、「訂定台南市宗教專用區建蔽率與容積率」、「擬廢止臺南市中西區南寧段二五五、二五六、二五六之二等地號土地內之現有巷道案」、「變更臺南市主要計畫（運河兩側地區）案」、「變更臺南市細部計畫（運河兩側地區）案」、「變更臺南市東區都市計畫（主要計畫）通盤檢討案」、「變更臺南市東區都市計畫（細部計畫）通盤檢討案」,,8df41197ad0a5635218ddbc3eee085d9935ef5aa.pdf,http://bud.tncg.gov.tw/A94032P/MGDocFiles/Files/00030071/0000000040/9305230.pdf
229,0921224,「廢除本市西區永安段427-1地號土地內現有巷道案」、「變更臺南市中西區細部計畫（鶯料理原址及鄰近「商一」商業區為廣場用地）案」、「變更台南市北區細部計畫（部分住宅區、商業區、公(兒)用地變更為道路用地，部分住宅區、商業區變更為停車場用地，部分商業區、道路用地、停車場用地變更為為公(兒)用地，部分住宅區、商業區變更為廣場用地）案」、「變更臺南市安平區都市計畫（部分低密度住宅區及部分「A-5-8M」道路用地為文小22學校用地）案」、「變更臺南市主要計畫（部分遊樂區「遊4」為道路用地）案」、「變更台南市安南區和順工業區細部計畫(第一次通盤檢討)案│事業及財務計畫內容」,,1a00d82664103399d0b96727d43c1c7a19da64e5.htm,http://bud.tncg.gov.tw/A94032P/MGDocFiles/Files/00030071/0000000039/9301229.htm
228,0921106,「廢除本市西區永安段427-1地號土地內現有巷道案」、「變更臺南市中西區細部計畫（鶯料理原址及鄰近「商一」商業區為廣場用地）案」、「變更台南市北區細部計畫（部分住宅區、商業區、公(兒)用地變更為道路用地，部分住宅區、商業區變更為停車場用地，部分商業區、道路用地、停車場用地變更為為公(兒)用地，部分住宅區、商業區變更為廣場用地）案」、「變更臺南市安平區都市計畫（部分低密度住宅區及部分「A-5-8M」道路用地為文小22學校用地）案」、「變更臺南市主要計畫（部分遊樂區「遊4」為道路用地）案」、「變更台南市安南區和順工業區細部計畫(第一次通盤檢討)案│事業及財務計畫內容」,,e961840a880f89c52e1ee87915ed25fc035c2c5b.pdf,http://bud.tncg.gov.tw/A94032P/MGDocFiles/Files/00030071/0000000038/9212228.pdf
227,0920917,「變更台南市主要計畫（部份低密度住宅區為「文小22」學校用地）案」、「擬定台南市北區鄭子寮地區（商55）商業區細部計畫案」、「變更台南市主要計畫（「體３」體育場所用地為「體（專）１」體育休閒特定專用區）案」、「擬定台南市中西區（「體（專）１」體育休閒特定專用區及其東側「Ｆ-５-十ｍ」出入道路）細部計畫案」、「變更台南市北區（西門路以東、開元路以北地區）細部計畫（第一次通盤檢討）案」、「變更台南市和順工業區細部計畫(第一次通盤檢討)案」,,ecec8c42c587c463dc2ed5ca2f5d4bc893e32cfc.pdf,http://bud.tncg.gov.tw/A94032P/MGDocFiles/Files/00030071/0000000037/9210227.pdf
226,0920820,「變更台南市安平區細部計畫（部分低密度住宅區為社教機構用地）（供安平蚵灰窯文化館使用）案」、「變更台南市主要計畫（「體３」體育場所用地為「體（專）１」體育休閒特定專用區）案」、「擬定台南市中西區（「體（專）１」體育休閒特定專用區及其東側「Ｆ-５-十ｍ」出入道路）細部計畫案」,,b7602c846f0f9eff8f835d766d6973aef07ef325.htm,http://bud.tncg.gov.tw/A94032P/MGDocFiles/Files/00030071/0000000036/9209226.htm
225,0920725,「變更台南市主要計畫（「機二五」機關用地及部分中密度住宅區為機關用地（供台南市警政大樓使用））案。」,,2f5a0e44d5cc686680bb06567f59bfbdb54f3cf3.htm,http://bud.tncg.gov.tw/A94032P/MGDocFiles/Files/00030071/0000000035/9207225.htm
224,0920626,「變更台南市中西區（海安路地下化路段兩側地區）細部計畫土地使用管制要點專案通盤檢討暨劃定都市更新範圍計畫案」、國立成功大學安南校區臨二│十三號道路側之騎樓地設置事宜、有關西區海安路前路口（新段一小段三十、三五之二一、三五之十八、二小段一之十九、一之二一：：等八筆地號）建物騎樓地設置事宜案,,b6ba753a2f58e84ad53d549e5a1afc60d5969b9e.pdf,http://bud.tncg.gov.tw/A94032P/MGDocFiles/Files/00030071/0000000034/9207224.pdf
223,0920507,「變更台南市中西區（海安路地下化路段兩側地區）細部計畫土地使用管制要點專案通盤檢討暨劃定都市更新範圍計畫案」,,a16fe5738f2f468163e2b59cbdaea1dacb84e263.pdf,http://bud.tncg.gov.tw/A94032P/MGDocFiles/Files/00030071/0000000033/9205223.pdf
222,0920314,變更台南市主要計畫(部分農業區為防洪抽水站用地)案、「變更台南市主要計畫(第四次通盤檢討)案(依內政部都市計畫委員會第五三八次會會議紀錄補辦公開展覽部分)」,,a9cad3de1d5be215392fcb75ca1cc246cd8a51f0.pdf,http://bud.tncg.gov.tw/A94032P/MGDocFiles/Files/00030071/0000000032/9204222.pdf
221,0920115,「變更台南市主要計畫(第四次通盤檢討)案(變更編號四-５案)」覆議案、「擬定台南市北區鄭子寮地區(「商31」商業區)細部計畫案」,,d48b25fd47fe4735043c816752dfb1b1510d7a53.pdf,http://bud.tncg.gov.tw/A94032P/MGDocFiles/Files/00030071/0000000031/9202221.pdf
220,0911224,「變更台南市北區(鄭子寮地區)細部計畫(第一次通盤檢討)案」因本府目前正辦理﹁變更台南市北區都市計畫通盤檢討案﹂，為避免浪費行政人力及各項資源，擬改併入﹁變更台南市北區都市計畫通盤檢討案﹂中辦理、變更台南市主要計畫(第四次通盤檢討)案(依內政部都市計畫委員會第五三八次會會議紀錄補辦公開展覽部分)、變更台南市安南區（中洲寮【含第三、四期發展區部分】）、（農場寮地區原農漁區變更為住宅區）、（海佃路一段東側地區）、（海佃路一段西側地區）、（和順地區原農漁區變更為住宅區）、（和順、新和順、安順、下安順、溪頂寮）、（新寮地區原農漁區變更為住宅區）、北區（鄭子寮三等二十三號道路以北第一、三、四區）、南區（灣裡地區原農漁區變更為住宅區）等細部計畫（土地使用分區管制要點│退縮建築部分）專案通盤檢討案,,0bb6fe359e03123109df626a118bd76c90181bb3.pdf,http://bud.tncg.gov.tw/A94032P/MGDocFiles/Files/00030071/0000000030/9202220.pdf
219,0911127,"﹁台南市未實施容積管制地區依都市計畫法台灣省施行細則增訂第三十條之三（現修正為第三十四條）規定之容積率表﹂，有關第二區細部計畫區擬補列「低密度住宅區」容積率為「一八○％」、擬定台南市安南區(海佃路二段兩側地區)細部計畫案、擬定台南市安南區(布袋嘴)細部計畫案、擬定台南市安南區(公親寮)細部計畫案、擬定台南市安南區(十二佃、南興里、公塭里)(民國七十二年擴大部分)細部計畫案、擬定台南市安南區(本淵寮、十字路、海尾寮擴大住宅區及部分農業區)細部計畫案、擬定台南市安南區(土城)( 民國七十二年擴大部分)細部計畫案、擬定台南市安南區(港仔西)(含第三、四期發展區部分)細部計畫案、擬定台南市安南區(顯宮、四草)( 民國七十二年擴大部分)細部計畫案、擬定台南市安南區(學東里、砂崙里、青草崙)( 民國七十二年擴大部分)細部計畫案",,f0cbd61851ede0028ddda8f4c7281ec5c57b5ec3.pdf,http://bud.tncg.gov.tw/A94032P/MGDocFiles/Files/00030071/0000000029/9202219.pdf
218,0910822,"一、變更台南市安平區「部分文中用地、道路用地、文小用地為文中用地(完全中學)部分文小用地為機關用地，部分文中用地為文小用地」主要計畫案。
二、變更台南市主要計畫「機六二」機關用地(供台南高等行政法院設置院址使用)案。",台南市都市計畫委員會第二一八次會議紀錄,ceac4e1e3879385329a19a4c195fc69b8853949a.pdf,http://bud.tncg.gov.tw/A94032P/MGDocFiles/Files/00030071/0000000217/9109218.pdf
217,0910613,「變更台南市主要計畫（第四次通盤檢討）案」修正內容,,507a0b3a14729db164e18eedd3ac004c23afa1fd.doc,http://bud.tncg.gov.tw/A94032P/MGDocFiles/Files/00030071/0000000027/217%E6%AC%A1%E5%AF%A9%E8%AD%B0%E6%A1%88%E6%8F%90%E6%A1%88%E5%85%A7%E5%AE%B9.doc
216,0910531,「變更台南市主要計畫(第四次通盤檢討)案」修正內容,,800c122d76d24d817fd7a2ac78861324602b0ec5.doc,http://bud.tncg.gov.tw/A94032P/MGDocFiles/Files/00030071/0000000026/216%E6%AC%A1%E6%9C%83%E8%AD%B0%E7%B4%80%E9%8C%84.doc
215,0910206,「變更台南市主要計畫（第四次通盤檢討）」案之暫予保留案件,,eb1388f33e29ebc3f70395a6af16f697c85dbf51.doc,http://bud.tncg.gov.tw/A94032P/MGDocFiles/Files/00030071/0000000025/215%E6%AC%A1%E5%AF%A9%E8%AD%B0%E6%A1%88%E6%8F%90%E6%A1%88%E8%BE%A6%E7%90%86%E6%83%85%E5%BD%A2.doc
214,0901210,「擬廢止台南市安南區農場段一五九-一、一六0-一、一六四-四等地號內部分現有巷道及改道案」、「擬定台南市安平區漁光里細部計畫案」、「擬廢止本市安平區石門段八二七、八三二、八三三、八三八地號內部分現有巷道案」,,f8b7811b33af3d3581bc0defc788886c2c7dbc3e.doc,http://bud.tncg.gov.tw/A94032P/MGDocFiles/Files/00030071/0000000024/214%E6%AC%A1%E6%9C%83%E8%AD%B0%E7%B4%80%E9%8C%84.doc
213,0901030,「變更台南市主要計畫(部分學校用地「文小四十三」及「文中四十四」為文教區「供私立慈濟國小及慈濟完全中學使用」)」、「變更台南市東北區（開元路以南、東寧路以北地區）細部計畫（第二次通盤檢討）案」中暫予保留之「F-4-12M」道路案、「變更台南市主要計畫(第四次通盤檢討)案」,,1cdbf0d1a8c0c5567e5428a152ae366315aba897.doc,http://bud.tncg.gov.tw/A94032P/MGDocFiles/Files/00030071/0000000023/%E5%AF%A9%E8%AD%B0%E6%A1%88%E4%B8%80.%E4%BA%8C%E6%B1%BA%E8%AD%B0.doc
212,0901004,「變更台南市主要計畫「機六二」機關用地(供台南高等行政法院設置院址使用)案」、變更台南市北區鄭子寮地區細部計畫(第一次通盤檢討)應配合主要計畫變更部分案、「變更台南市主要計畫(第四次通盤檢討)案」,,dc3497aa554f439c830eca9e35a53d517d9f9764.doc,http://bud.tncg.gov.tw/A94032P/MGDocFiles/Files/00030071/0000000022/212%E6%AC%A1%E5%A0%B1%E5%91%8A.%E5%AF%A9%E8%AD%B0%E6%A1%88%E5%90%8D%E8%A1%A8%E4%B8%80.%E8%A1%A8%E4%BA%8C.doc
211,0900906,「廢止本市北區東興段一-一、九七一地號內部分現有巷道案」、「廢止本市臨安段九九七-三地號內部分現有巷道案」、「擬定台南市安南區(海佃路二段兩側地區)細部計畫案」之八十八年第一次公開展覽期間人民或團體陳情意見,,696cd4429930397c9297bd15ec1fb5b1449603ca.doc,http://bud.tncg.gov.tw/A94032P/MGDocFiles/Files/00030071/0000000021/220%E6%AC%A1%E6%9C%83%E8%AD%B0%E7%B4%80%E9%8C%84.doc
210,0900717,「擬廢止台南市新東段九五三-一三、九五三-八、九五三-二部分地號內現有巷道案」、「擬定台南市安南區(海佃路一段以東地區)細部計畫案」、「變更台南市主要計畫(第四次通盤檢討)案」,,29b4be5c39d77701993bc0566c2b4ca7ae6fef6c.doc,http://bud.tncg.gov.tw/A94032P/MGDocFiles/Files/00030071/0000000020/210%E6%AC%A1%E5%A0%B1%E5%91%8A.%E5%AF%A9%E8%AD%B0%E6%A1%88%E6%B1%BA%E8%AD%B0%E5%8F%8A%E8%BE%A6%E7%90%86%E6%83%85%E5%BD%A2%E8%A1%A8%E4%B8%80.%E8%A1%A8%E4%BA%8C.doc
209,0900425,「擬廢止台南市竹篙厝段六三０-一八八、六三０-一九一、六三０-一０三二、六三０-一０三三、六三０-一０四七、六六九-一０九八部分地號內現有巷道案」、「變更台南市安南區（和順工業區）細部計畫（第一次通盤檢討）」案內變更內容第六案及逾期人民或團體陳情意見第一案、「變更台南市第二區細部計畫（部分中密度住宅區、部分商業區、部分道路用地為公園用地）案」暨配合辦理變更主要計畫「變更台南市主要計畫（部分中密度住宅區、部分商業區為公園用地）案」、「變更台南市東北區（開元路以南、東寧路以北地區）細部計畫（第二次通盤檢討）案」中暫予保留之「F-4-12M」道路案、「變更台南市南區（健康路以南、大同路以西地區）細部計畫（土地使用分區管制專案通盤檢討）」案,,37ab72eb8aa1441f6f61d6cdd1672c8531d378ab.doc,http://bud.tncg.gov.tw/A94032P/MGDocFiles/Files/00030071/0000000019/208%E6%AC%A1%E6%9C%83%E5%A0%B1%E5%91%8A%E6%A1%88%E8%BE%A6%E7%90%86%E6%83%85%E5%BD%A2%E8%A1%A8%E4%B8%80.doc
208,0900322,「擬廢止台南市光華段三八０-一地號內之部分現有巷道案」、「台南科技工業區（東區部分）細部計畫都市設計規範」、「變更台南市主要計畫「機六二」機關用地（供臺南高等行政法院設置院址使用）案」、「變更台南市鄭子寮地區（三等二十三號道路以北第三、四區）細部計畫案（第一次通盤檢討）」覆建設局意見報告案,,477f3a3faef188238930c70aba97667731aff507.doc,http://bud.tncg.gov.tw/A94032P/MGDocFiles/Files/00030071/0000000018/207%E6%AC%A1%E6%9C%83%E5%A0%B1%E5%91%8A%E6%A1%88%E8%BE%A6%E7%90%86%E6%83%85%E5%BD%A2%E8%A1%A8%E4%B8%80.doc
207,0900117,「擬定台南市安南區（海佃路二段兩側地區）細部計畫案」、「變更台南市主要計畫「機六二」機關用地（供臺南高等行政法院設置院址使用）案」、「擬廢止台南市新南段四二一、四二二、四二三地號內現有巷道案」,,e0f17d3096d1129a52dd7dabfcbc52a9a813f38b.doc,http://bud.tncg.gov.tw/A94032P/MGDocFiles/Files/00030071/0000000017/206%E6%AC%A1%E6%9C%83%E5%A0%B1%E5%91%8A%E6%A1%88%E8%BE%A6%E7%90%86%E6%83%85%E5%BD%A2%E8%A1%A8%E4%B8%80.doc
206-1,0891212,「『變更台南市東北區（開元路以南、東寧路以北地區）細部計畫（第二次通盤檢討）案』中暫予保留之『Ｆ-四-十二Ｍ』道路案」、「公告擬廢止台南市頂美段二六二、二六二-四、一七四、一七四-二肆筆地號內現有巷道案」、「變更台南市安南區和順工業區細部計畫（第一次通盤檢討）」、「變更台南市安南區（和順、新和順、下安順、溪頂寮）細部計畫（第一次通盤檢討）案」,第206-1次會議紀錄,d97235a69b04717244e2a25b1702976275640970.pdf,http://bud.tncg.gov.tw/A94032P/MGDocFiles/Files/00030071/0000000172/%E7%AC%AC206-1%E6%9C%83%E8%AD%B0%E7%B4%80%E9%8C%84.pdf
206,0891212,「『變更台南市東北區（開元路以南、東寧路以北地區）細部計畫（第二次通盤檢討）案』中暫予保留之『Ｆ-四-十二Ｍ』道路案」、「公告擬廢止台南市頂美段二六二、二六二-四、一七四、一七四-二肆筆地號內現有巷道案」、「變更台南市安南區和順工業區細部計畫（第一次通盤檢討）」、「變更台南市安南區（和順、新和順、下安順、溪頂寮）細部計畫（第一次通盤檢討）案」,,e24ddaa0477e5fbbd4784a8451bb5ea217cf8dc1.doc,http://bud.tncg.gov.tw/A94032P/MGDocFiles/Files/00030071/0000000016/205%E6%AC%A1%E6%9C%83%E5%A0%B1%E5%91%8A%E6%A1%88%E8%BE%A6%E7%90%86%E6%83%85%E5%BD%A2%E8%A1%A8%E4%B8%80.doc
205,0891114,"「擬廢止台南市虎尾寮段五六五-二地號（東成街）現有巷道案」、
「變更台南市主要計畫「部分體育場、公園用地為醫療專用區（癌症專屬醫院）、部分公園用地、機關用地為道路用地、部分公園用地為機關用地、部分機關用地為公園用地案」、「變更台南市主要計畫（部分低密度住宅區為）「信一」電信事業專用區案」、「變更台南市南區（健康路以南、大同路以西地區）細部計畫（第二次通盤檢討）案」逾期人民或團體陳情案件、「變更台南市鄭子寮地區（三等廿三號道路以北第三、第四區）細部計畫案（第一次通盤檢討）公展期間人民陳情案第一案及第二案」",,9e1e63b3aa892b53e7409878ccc89c72531666c8.doc,http://bud.tncg.gov.tw/A94032P/MGDocFiles/Files/00030071/0000000015/204%E6%AC%A1%E6%9C%83%E5%A0%B1%E5%91%8A%E6%A1%88%E8%BE%A6%E7%90%86%E6%83%85%E5%BD%A2%E8%A1%A8%E4%B8%80.doc
204,0891021,「擬廢止台南市頂美段二六二、二六二-四、一七四、一七四-二等四筆地號內現有巷道案」、「變更台南市安南區和順工業區細部計畫(第一次通盤檢討)案」,,a871a8f49ac3a11448109a303c89b51dabe85a31.doc,http://bud.tncg.gov.tw/A94032P/MGDocFiles/Files/00030071/0000000014/203%E6%AC%A1%E6%9C%83%E5%AF%A9%E8%AD%B0%E6%A1%88%E8%BE%A6%E7%90%86%E6%83%85%E5%BD%A2%E8%A1%A8%E4%B8%80.doc
203,0891007,「變更台南市主要計畫(部分體育場、公園用地為醫療專用區(癌症專屬醫院)、(部分公園用地、機關用地為道路用地，部分公園用地為機關用地、部分機關用地為公園用地)案」、「擬定台南市北區鄭子寮地區三等廿三號以北第五區（部分『商?』細部計畫案」、「變更台南市東北區(開元路以南、東寧路以北地區)細部計畫(第二次通盤檢討)案中暫予保留之『Ｆ-四-一二Ｍ』道路案」、「變更台南市鄭子寮地區三等廿三號道路以北第三、四區(第一次通盤檢討)公展期間人民陳情案第一案及第二案」、「擬定台南市安南區(海佃路二段兩側地區)細部計畫案」、「變更台南市北區(西門路以東、開元路以北地區)細部計畫(第一次通盤檢討)案」、「變更台南市主要計畫(部份公墓用地為火葬場用地及廢棄物處理場(廠)用地)案」、「變更台南市主要計畫(部分保護區為排水溝用地)案」,,8de8a96431be1bd49d547ed64e42ad706713219d.doc,http://bud.tncg.gov.tw/A94032P/MGDocFiles/Files/00030071/0000000013/202%E6%AC%A1%E6%9C%83%E5%A0%B1%E5%91%8A%E6%A1%88%E8%BE%A6%E7%90%86%E6%83%85%E5%BD%A2%E8%A1%A8%E4%B8%80.doc
202,0890817,「變更台南市主要計畫（部分體育場、公園用地為醫療專用區（癌症專屬醫院），（部分公園用地、機關用地為道路用地，部分公園用地為機關用地，部分機關用地為公園用地）案」、「變更台南市主要計畫部分（工二）工業區為商業區、公園道路用地，廣場兼停車場用地案」、「擬定台南市安南區（布袋嘴）細部計畫案」、「擬定台南市北區鄭子寮地區三等廿三號以北第五區(部分『商?』)細部計畫案」、「變更台南市安南區（和順、新和順、安順、下安順、溪頂寮）細部計畫（第一次通盤檢討）案」、「擬定台南市安南區（港仔西）（含第三、四期發展區部分）細部計畫案」之逾期人民或團體陳情案、「變更台南市主要計畫（部分中密度住宅區、部分商業區為公園用地）案」、「變更台南市第二區細部計畫（部分中密度住宅區、部分商業區、部分道路用地為公園用地）案」,,253f76f26e5279bfba2b6ec064edd914b74f6f9b.doc,http://bud.tncg.gov.tw/A94032P/MGDocFiles/Files/00030071/0000000012/%E7%B0%BD%E5%91%88%E4%B8%A6%E7%A8%BF.doc
202-2,0890817,「變更台南市主要計畫（部分體育場、公園用地為醫療專用區（癌症專屬醫院），（部分公園用地、機關用地為道路用地，部分公園用地為機關用地，部分機關用地為公園用地）案」、「變更台南市主要計畫部分（工二）工業區為商業區、公園道路用地，廣場兼停車場用地案」、「擬定台南市安南區（布袋嘴）細部計畫案」、「擬定台南市北區鄭子寮地區三等廿三號以北第五區(部分『商?』)細部計畫案」、「變更台南市安南區（和順、新和順、安順、下安順、溪頂寮）細部計畫（第一次通盤檢討）案」、「擬定台南市安南區（港仔西）（含第三、四期發展區部分）細部計畫案」之逾期人民或團體陳情案、「變更台南市主要計畫（部分中密度住宅區、部分商業區為公園用地）案」、「變更台南市第二區細部計畫（部分中密度住宅區、部分商業區、部分道路用地為公園用地）案」,第202-2次會議,0d601e064800b55514730fcf9c80fb35a43954e9.pdf,http://bud.tncg.gov.tw/A94032P/MGDocFiles/Files/00030071/0000000171/%E7%AC%AC202-2%E6%9C%83%E8%AD%B0%E7%B4%80%E9%8C%84.pdf
201,0890613,「擬定台南市主要計畫（原部分『文中四九』學校用地、『公十八』公園用地變更為中密度住宅區）細部計畫並配合變更主要計畫案」、「擬定台南市主要計畫（原部分『文中四九』學校用地、『公十八』公園用地變更為中密度住宅區）細部計畫案」、「變更台南市鄭子寮地區三等廿三號道路以北第三、四區(第一次通盤檢討)細部計畫案」、「變更台南市主要計畫(部分低密度住宅區為公園用地)案」、「變更台南市主要計畫（部分體育場、公園用地為醫療專用區(癌症專屬醫院)，部分公園用地、機關用地為道路用地，部分公園用地為機關用地，部分機關用地為公園用地）案」、「變更台南市主要計畫(部分中密度住宅區、部分商業區為公園用地)案」、「變更台南市第二區細部計畫(部分中密度住宅區、部分商業區、部分道路用地為公園用地)案」、「擬定台南市安南區(十二佃、南興里、公塭里)(民國七十二年擴大部)細部計畫案」、「擬定台南市安南區(農場寮)細部計案」,,139317f413155e71a75c25c10f5daeabb2167700.doc,http://bud.tncg.gov.tw/A94032P/MGDocFiles/Files/00030071/0000000011/201%E6%AC%A1%E6%9C%83%E5%A0%B1%E5%91%8A%E6%A1%88%E6%B1%BA%E8%AD%B0%E8%A1%A8%E4%B8%89.doc
200,0890509,"請討論「本市安平新市區細部計畫案」內之「鄰里商業區」是否可供電子遊戲場使用。「擬定台南市安南區(學東里、學西里、砂崙里、青草崙) (民國七十二年擴大部分) 細部計畫案」、「擬定台南市主要計畫（原部分『文中四九』學校用地、『公十八』公園用地變更為中密度住宅區）細部計畫並配合變更主要計畫案」暨「擬定台南市主要計畫（原部分『文中四九』學校用地、『公十八』公園用地變更為中密度住宅區）細部計畫案」、「擬定台南市安南區(港仔西)（民國七十二年擴大部分）細部計畫案」、「擬定台南市安南區(顯宮、四草)（民國七十二年擴大部分）細部計畫案」","第一案：請再討論「本市虎尾寮市地重劃區第二種住宅區得否適用『資訊服務業』准予一樓及地下室設置電信機房，二樓以上設置電信業辦公室」。（請魏榮宗技士報告）
第二案：請討論「安平新市區細部計畫案」內之「鄰里商業區」是否可供電子遊戲場之使用。（請謝文娟技士報告）",2341741b819bb3e35daaee701bb6cf474f9aea08.doc,http://bud.tncg.gov.tw/A94032P/MGDocFiles/Files/00030071/0000000006/%E5%A0%B1%E5%91%8A%E6%A1%88%E4%BB%B6.doc
199,0890418,"「變更台南市東區(虎尾寮、後甲、竹篙厝地區)細部計畫(道路系統第二次通盤檢討)案」、「擬定台南市安南區(布袋嘴)細部計畫
並配合變更主要計畫案」、「擬定台南市安南(布袋嘴)細部計畫案
」、「擬定台南市安南區(公親寮)細部計畫並配合變更主要計畫案」、「擬定台南市安南區(公親寮)細部計畫案」、「擬廢止本市環河段二六-九、二八、二九-三、二九-五、二九-六．．．．等地號內現有巷道案」、「擬定台南市安南區(學東里、學西里、砂崙里、青草崙) (民國七十二年擴大部分) 細部計畫案」、「變更台南市北區鄭子寮地區細部計畫(第一次通盤檢討) 案」",,ac033f4dff8e2e2a49e2c55e4cf68f569fff0758.doc,http://bud.tncg.gov.tw/A94032P/MGDocFiles/Files/00030071/0000000010/%E5%A0%B1%E5%91%8A%E6%A1%88%E4%BB%B6.doc
198,0890401,「變更台南市主要計畫部分(工二)工業區為商業區、公園道路用地，廣場兼停車場用地案」、「擬定台南市安南區(農場寮)細部計畫案」、「擬定台南市安南區(公親寮)細部計畫並配合變更主要計畫案」暨「擬定台南市安南區(公親寮)細部計畫案」、「擬定台南市安南區(和順、新和順、安順、下安順、溪頂寮)細部計畫(民國七十二年擴大住宅區)案」、「變更台南市主要計畫(部份道路用地為公園用地、機關用地、中密度住宅區，部份變電所用地為道路用地)案」、「擬廢止本市環河段二六-九、二八、二九-三、二九-五、二九-六．．．．等地號內現有巷道案」,,32b98f8a9a0bdaa39947c728ecfda0634104162d.doc,http://bud.tncg.gov.tw/A94032P/MGDocFiles/Files/00030071/0000000009/%E5%8F%B0%E5%8D%97%E5%B8%82%E9%83%BD%E5%B8%82%E8%A8%88%E7%95%AB%E5%A7%94%E5%93%A1%E6%9C%83%E7%AC%AC%E4%B8%80%E4%B9%9D%E5%85%AB%E6%AC%A1%E6%9C%83%E6%9C%83%E8%AD%B0%E8%A8%98%E9%8C%841.doc
196,0890201,請審議「擬廢止台南市安南區農場段一五九-一，、一六Ｏ-一、一六一-二、一六一-四等地號內部份現有巷道及改道案」、請審議「變更台南市主要計畫部份(工二)工業區為商業區、公園道路用地，廣場兼停車場用地」案、請審議「台南市原有非都市計劃巷道廢止或改道預審原則」(草案)、請審議「變更台南市主要計畫(第三次通盤檢討)案(內留待續審之本市東區德高厝舊聚落東側保護區變更為中密度住宅區部分)」,,8a38f36410fadf2dcc06e6742ef43d3ef9d35cb3.pdf,http://bud.tncg.gov.tw/A94032P/MGDocFiles/Files/00030071/0000000170/%E7%AC%AC196%E6%9C%83%E8%AD%B0%E7%B4%80%E9%8C%84.pdf
195,0881230,請再審議「變更台南市主要計畫(部分遊樂區為「機七十」機關用地)案」、請審議「擬廢止本市安平區妙壽段二五九地號內部份現有巷道案」、請再審議「劃定安平舊市區為更新地區案」、請再審議「擬定台南市安平地區漁港細部計劃案」、請審議「擬定台南市安南區(小寮、溪心寮、總頭寮、十三佃)(民國七十二年擴大部分)細部計劃案」,,d2832bfcf792b8e181350e0051c6a23734000253.pdf,http://bud.tncg.gov.tw/A94032P/MGDocFiles/Files/00030071/0000000169/%E7%AC%AC195%E6%9C%83%E8%AD%B0%E7%B4%80%E9%8C%84.pdf
194-3,0881104,請再審議「擬廢止台南市中區南寧段三九八地號部份現有巷道案」、請再審議「變更台南市東區(虎尾寮、後甲、竹篙厝地區)細部計劃(道路系統第二次通盤檢討)案」、請審議「變更台南市主要計畫(部份大專學校用地為私立立德管理學校用地)案」、請審議「劃定原陸軍配件廠原址周邊為更新地區案」、請審議「變更台南市南區(喜樹、灣裡地區)細部計劃(第一次通盤檢討)案」、請審議「劃定安平舊市區為更新地區案」,第194-3次會議紀錄,1ceae2aac9259e44010bf31166aae6f3e90a5356.pdf,http://bud.tncg.gov.tw/A94032P/MGDocFiles/Files/00030071/0000000167/%E7%AC%AC194-3%E6%9C%83%E8%AD%B0%E7%B4%80%E9%8C%84.pdf
194-2,0881104,請再審議「擬廢止台南市中區南寧段三九八地號部份現有巷道案」、請再審議「變更台南市東區(虎尾寮、後甲、竹篙厝地區)細部計劃(道路系統第二次通盤檢討)案」、請審議「變更台南市主要計畫(部份大專學校用地為私立立德管理學院用地)案」、請審議「劃定原陸軍配件廠原址周邊為更新地區案」、請審議「變更台南市南區(喜樹、灣裡地區)細部計劃(第一次通盤檢討)案」、請審議「劃定安平舊市區為更新地區案」,第194-2次會議紀錄,fa21178bee4f1e87f621933799929120cff857dc.pdf,http://bud.tncg.gov.tw/A94032P/MGDocFiles/Files/00030071/0000000166/%E7%AC%AC194-2%E6%9C%83%E8%AD%B0%E7%B4%80%E9%8C%84.pdf
194,0881104,請再審議「擬廢止台南市中區南寧段三九八地號部份現有巷道案」、請再審議「變更台南市東區(虎尾寮、後甲、竹篙厝地區)細部計劃(道路系統第二次通盤檢討)案」、請審議「變更台南市主要計畫(部份大專學校用地為私立立德管理學校用地)案」、請審議「劃定原陸軍配件廠原址周邊為更新地區案」、請審議「變更台南市南區(喜樹、灣裡地區)細部計劃(第一次通盤檢討)案」、請審議「劃定安平舊市區為更新地區案」,,d04ddcc86b8543176b7c48a352fcab7d2a207744.pdf,http://bud.tncg.gov.tw/A94032P/MGDocFiles/Files/00030071/0000000168/%E7%AC%AC194%E6%9C%83%E8%AD%B0%E7%B4%80%E9%8C%84.pdf
193-2,0880928,請審議「變更台南市主要計畫(部分遊樂區為『機七十』機關用地)案」、請審議「擬廢止本是清水段二小段九八-五地號內部份現有巷道案」、請審議「擬廢止台南市中區南寧段三九八地號部份現有巷道案」、請再審議「變更台南市東區(虎尾寮、後甲、竹篙厝地區)細部計劃(道路系統第二次通盤檢討)案」、請審議【依內政部營建署函文補註記原市都委會決議內容案】：1.「擬定台南市安南區(海佃路一段西側地區)細部計劃並配合變更台南市主要計畫(『國中』、『國小』學校用地為低密度住宅區，低密度住宅區為『國中小』學校用地)案」暨「擬定台南市安南區(海佃路一段西側地區)細部計劃案」。2.「擬定台南市安南區(海佃路一段東側地區)細部計劃案」。3.「擬定台南市安平地區漁港細部計劃並配合變更台南市主要計畫(部份港埠用地為漁港區、河川區、道路用地、污水處理廠用地、部分停車場用地為漁港區、河川區、加油站用地、道路用地，部分污水處理廠用地為漁港區，部分公園用地為漁港區，部份加油站用地為漁港區、道路用地，部分河川區為漁港區，部分道路用地為漁港區，部分廣(停)用地為道路用地、漁港區，部分住宅區為道路用地、漁港區)案」。4.「擬定台南市南區灣裡地區(擴大住宅區及部份農業區)細部計劃並配合變更台南市主要計畫(『國中』學校用地為低密度住宅區、低密度住宅區為『國中小』學校用地)案」暨「擬定台南市南區灣裡地區(擴大住宅區及部份農業區)細部計劃案」。5.「擬定鄭子寮(三等二十三號道路以北第一區)原油十八用地細部計劃案」。6.「變更台南市鄭子寮地區三等二十三號道路以北第一區(第一次通盤檢討)細部計劃案」。、原陸軍配件廠原址周邊土地再開發利用規劃構想,第193-2次會議紀錄,1e5dc996181a52c9c5ead7efac488aee97464abc.pdf,http://bud.tncg.gov.tw/A94032P/MGDocFiles/Files/00030071/0000000164/%E7%AC%AC193-2%E6%9C%83%E8%AD%B0%E7%B4%80%E9%8C%84.pdf
193,0880928,請審議「變更台南市主要計畫(部分遊樂區為『機七十』機關用地)案」、請審議「擬廢止本市清水段二小段九八-五地號內部份現有巷道案」、請審議「擬廢止台南市中區南寧段三九八地號部份現有巷道案」、請再審議「變勾台南市東區(虎尾寮、後甲、竹篙厝地區)細部計劃(道路系統第二次通盤檢討)案」、請審議【依內政部營建署函文補註記原市督委會決議內容案】：1.「擬定台南市安南區(海佃路一段西側地區)細部計劃並配合變更台南市主要計畫(『國中』、『國小』學校用地為低密度住宅區，低密度住宅區為『國中小』學校用地)案」暨「擬定台南市安南區(海佃路一段西側地區)細部計劃案」。2.「擬定台南市安南區(海佃路一段東側地區)細部計劃案」。3.「擬定台南市安平地區漁港細部計劃並配合變更台南市主要計畫(部份港埠用地為漁港區、河川區、道路用地、污水處理廠用地，部分停車場用地為漁港區、河川區、加油站用地、道路用地，部分污水處理廠用地為漁港區，部分公園用地為漁港區，部份加油站用地為漁港區、道路用地，部分河川區為漁港區，部分道路用地為漁港區，部分廣(停)用地為道路用地、漁港區，部分住宅區為道路用地、漁港區)案」。4.「擬定台南市南區灣裡地區(擴大住宅區及部份農業區)細部暨壞並配合變更台南市主要計畫(「國中」學校用地為低密度住宅區、低密度住宅區為「國中小」學校用地)案」暨「擬定台南市南區灣裡地區(擴大住宅區及部份農業區)細部計劃案」。5.「擬定鄭子寮(三等二十三號道路以北第一區)原油十八用地細部計劃案」。6.「變更台南市鄭子寮地區三等二十三號道路以北第一區(第一次通盤檢討)細部計劃案」。,,aeda5861a8b4c9a8bce9428d000ea8a347a83b22.pdf,http://bud.tncg.gov.tw/A94032P/MGDocFiles/Files/00030071/0000000165/%E7%AC%AC193%E6%9C%83%E8%AD%B0%E7%B4%80%E9%8C%84.pdf
192,0880917,請審議『廢止本市北區成功大學力行校區與國軍高雄總醫院台南分院間(東興段904.904-1.907-1等地號內)部份現有巷道案』、請再審議「廢止台南市北區北華段131.131-1.131-2.132.209.210地號內現有巷道案」、請審議「遠東證卷股份有限公司申請撤銷本委員會85.01.12第一六三次會第七案決議之附帶條件規定案」、請再審議「變更台南市主要計畫(部分河川區及農業區為機關用地)案」、請審議「變更台南市東區(虎尾寮、後甲、竹篙厝地區)細部計劃(道路系統第二次通盤檢討)案」逾期人民或團體陳情案件、請審議「擬定台南市安南區(海佃路一段西側地區)細部計劃案」逾期人民或團體陳情案件、請再審議「擬定台南市安南區(本淵寮、十字路、海尾寮)(民國72年擴大部分及部份農業區)細部計劃案」、請再審議「擬定台南市安南區(本淵寮、十字路、海尾寮)(民國七十二年擴大部分及部份農業區)細部計劃案並配合變更主要計畫案」、請審議「台南市科技工業區(東區部分)細部計劃案都市設計規範說明(一般都市設計管制地區)部份條文修正案」,,7ecadc42e0c7bee062a80a7e6ad0f55b68c27b9f.pdf,http://bud.tncg.gov.tw/A94032P/MGDocFiles/Files/00030071/0000000163/%E7%AC%AC192%E6%9C%83%E8%AD%B0%E7%B4%80%E9%8C%84.pdf
190,0880529,請審議「變更台南市鄭子寮地區三等二十三號道路以北第一區(第一次通盤檢討)細部計劃案」、請審議「擬定台南市南區灣裡地區(擴大住宅區及部份農業區)細部計劃並配合變更台南市主要計畫(「國中小」學校用地)案」、請審議「擬定台南市南區灣裡地區(擴大住宅區及部份農業區)細部計劃案」、請再審議「擬定台南市安南區(海佃路一段東側地區)細部計劃案」、請審議「廢止台南市北區北華段131.131-1.131-2.132.209.210地號內現有巷道案」,,acb5d15f0e68dd4a788baa3d5797f476b4bbd32d.pdf,http://bud.tncg.gov.tw/A94032P/MGDocFiles/Files/00030071/0000000161/%E7%AC%AC190%E6%9C%83%E8%AD%B0%E7%B4%80%E9%8C%84.pdf
189,0880329,請再審議「擬定鄭子寮(三等二十三號道路以北第一區)原油十八用地細部計畫案」、請審議「廢止本市北區西門路四段三七三號、北安路一段九Ｏ、九二號房屋基地與北安路一段計畫到路間夾有線有巷路之路段案」、請再審議「廢止台南市長和段九七三-三九九七-一、九八八(部分)地號內現有巷道案」、請審議「廢止臺南勢頂美段二六二、二六二-四、一七四、一七四-二四等四筆地號內現有巷道案」、請再審議「擬定台南市安平地區漁港細部計劃案」、請再審議「擬定台南市安平地區漁港細部計劃並配合變更臺南市主要計畫(部分港埠用地為漁港區、河川區、污水處理廠用地，部分河川區為漁港區，部分停車場用地為漁港區、污水處理廠用地)案」、請審議「擬定台南市安南區(本淵寮、十字路、海尾寮)(民國72年擴大部分及部份農業區)細部計劃案」、請審議「擬定台南市安南區(本淵寮、十字路、海尾寮)(民國72年擴大部分及部份農業區)細部計劃並配合變更主要計畫案」、請審議「擬定台南市安南區(中洲寮擴大住宅區及部份農業區)細部計劃案」,,0ac2d75e3787da941251e7e4ce6b2a3791557fb6.pdf,http://bud.tncg.gov.tw/A94032P/MGDocFiles/Files/00030071/0000000160/%E7%AC%AC189%E6%9C%83%E8%AD%B0%E7%B4%80%E9%8C%84.pdf
188,0871228,請審議「擬定鄭子寮(三等二十三號道路以北第一區)原油十八用地細部計劃案」、請審議「廢止安南區長和段973-3、997-1、988(部分)地號內現有巷道案」、審議公告「擬廢止本市安平區石門段八二七、八三二、八三三、八三八地號內部份現有巷道案」、擬定台南市南區喜樹、灣里地區擴大住宅區細部計劃案、請審議「擬定台南市安平地區漁港細部計劃案」暨「擬定台南市安平地區漁港細部計劃並配合變更臺南市主要計畫(部份港埠用地為漁港區、河川區、污水處理廠用地、部分河圈為漁港區、部分停車場用地為漁港區、污水處理廠用地)案」,,8bc4c5b8a511ddaeebb675edd380a6515483a944.pdf,http://bud.tncg.gov.tw/A94032P/MGDocFiles/Files/00030071/0000000159/%E7%AC%AC188%E6%9C%83%E8%AD%B0%E7%B4%80%E9%8C%84.pdf
187,0871214,擬定台南市安南區第四期發展區「海佃路一段西側」細部計劃案、請再審議「擬定台南市安南區第四期發展區(海佃路一段東側)細部計劃案、再審議臺南市主要計畫(部分商業區為保存區)案」、再審議「變更台南市第二區細部計劃並配合變更主要計畫(部份商業區、道路用地為古蹟保存區，暨部分商業區為廣場用地等)案」、請再審議「鄭子寮(三等二十三號道路以北第一區)原油十八用地細部計劃案」、請審議「廢止台南市長和段九七三-三、九九七-1、九八八(部分)地號內現有巷道案」、請審議「廢止本市安平區石門段八二七、八三二、八三三、八三八地號內部份現有巷道案」,,04a46aee97877e6ccce3d864ea6d59f416d5d90b.pdf,http://bud.tncg.gov.tw/A94032P/MGDocFiles/Files/00030071/0000000158/%E7%AC%AC187%E6%9C%83%E8%AD%B0%E7%B4%80%E9%8C%84.pdf
185-1,0871026,變更台南市第二區細部計劃並配合變更主要計畫(部份商業區、道路用地為古蹟保存區暨部分商業區為廣場用地等)案。變更臺南市南區(健康路以南、大同路以西地區)細部計劃(第二次通盤檢討)案。再審議變更臺南市主要計畫(部份商業區為保存區)案、再審議『變更台南市第二區細部計劃並配合變更主要計畫(部份商業區、道路用地為古蹟保存區，暨部分商業區為廣場用地等)案』,第185-1次會議紀錄,13a37a52926923a0a64ae66ec12407edebbf211b.pdf,http://bud.tncg.gov.tw/A94032P/MGDocFiles/Files/00030071/0000000155/%E7%AC%AC185-1%E6%9C%83%E8%AD%B0%E7%B4%80%E9%8C%84.pdf
186,0871017,變更台南市安南區(總頭寮工業區)細部計劃(行政區為公用事業用地)案、擬定台南市安南區第四期發展區「海佃路一段西側」細部計劃案、請再審議「擬定台南市安南區第四期發展區(海佃路一段東側)細部計劃案」、變更台南市南區(健康路以南、大同路以西地區)細部計劃(第二次通盤檢討)案、請審議「擬定鄭子寮(三等二十三號道路以北第一區)原油十八用地細部計劃案」、再審議變更臺南市主要計畫(部份商業區為保存區)案、再審議「變更台南市第二區細部計劃並配合變更主要計畫(部份商業區、道路用地為古蹟保存區，暨部分商業區為廣場用地等)案」,,669c792b2cf100f0d016b30486887836e9efc6ee.pdf,http://bud.tncg.gov.tw/A94032P/MGDocFiles/Files/00030071/0000000157/%E7%AC%AC186%E6%9C%83%E8%AD%B0%E7%B4%80%E9%8C%84.pdf
185-2,0870824,審議「廢止台南市康樂段六四一地號內部份私設通路案」、請審議「廢止本市東區精忠段八九八第號內部份現有巷道案」、請審議「廢止本市東區竹篙厝段610、611、630-139地號內現有巷道案」、請註銷「變更臺南市主要計畫(部份「遊四」遊樂區為「機六十九」機關用地)案」、擬定鄭子寮三等二十三號道路以北第一區原「油十八」用地細部計劃案、變更台南市東區(虎尾寮、後甲、竹篙厝地區)細部計劃(虎尾寮重劃區範圍內部份公(兒)用地為住宅區；部分住宅區為公(兒)用地、文中用地、道路用地；部份道路用地為公(兒)用地、文中用地、住宅區)案說明書、請審議「變更台南市東區(虎尾寮、後甲、竹篙厝地區)細部計劃(虎尾寮重劃區範圍通盤檢討)案」土地使用管制要點第四點第二目第二種住宅區之使用項目提請討論、擬定台南市安平區漁光里細部計劃案、再審議變更臺南市主要計畫(部分商業區為保存區)案、再審議「變更台南市第二區細部計劃並配合變更主要計畫(部份商業區、道路用地為古蹟保存區，暨部分商業區為廣場用地等)案」、變更台南市南區(健康路以南、大同路以西地區)細部計劃(第二次通盤檢討)案、審議「變更台南市北區(西門路以東、開元路以北地區)細部計劃(第一次通盤檢討)案」、擬定台南市南區喜樹、灣裡地區擴大住宅區細部計劃案、擬定台南市安南區第四期發展區『海佃路一段東側」細部計劃案、擬定台南市安南區第四期發展區「海佃路一段西側」細部計劃案、請再審議「擬定台南市安南區(新寮、溪心寮、總頭寮、十三佃擴大住宅區及部分農業區)細部計劃」以「市地重劃」方式開發之合理性與公平性,第185-2次會議紀錄,6a16127fd59f72c755da3b2eccdfdd088f38aff6.pdf,http://bud.tncg.gov.tw/A94032P/MGDocFiles/Files/00030071/0000000156/%E7%AC%AC185-2%E6%9C%83%E8%AD%B0%E7%B4%80%E9%8C%84.pdf
178-2,0870730,擬定台南市東區(虎尾寮、後甲、竹篙厝)部分住宅區(原「工3」仁和工業區變更為中密度住宅區)細部計劃案,,6f94bc1856d28e361aae00190d442d81ee5547b6.pdf,http://bud.tncg.gov.tw/A94032P/MGDocFiles/Files/00030071/0000000149/%E7%AC%AC178-2%E6%9C%83%E8%AD%B0%E7%B4%80%E9%8C%84.pdf
184,0870625,"「擬定台南市安南區(和順寮農場地區)細部計畫都市設計準則」、「台南科技工業區(東區部份)都市設計案」、「公告廢止本市建興段40、42-1地號內現有巷道案」、「公告擬廢止本市安平區妙壽段259地號內部份現有巷道案」、「請審議鄭光吉等四人申請""改道安平區上鯤鯓段425、426、427、427-1等四筆地號內防火巷位置案""」、「廢止本市濱段14-15、14-17、14-64及15-110地號現有巷道案」、「變更台南市東區(虎尾寮、後甲、竹篙厝地區)細部計畫(虎尾寮重劃區範圍通盤檢討)等細部計畫說明書，土地使用管制要點，第四點第二款規定不甚完備，應如何妥處，簽請鈞長核示」",,e5a6a50a7065606c521d6e14a419749698dfe362.pdf,http://bud.tncg.gov.tw/A94032P/MGDocFiles/Files/00030071/0000000076/%E7%AC%AC184%E6%AC%A1%E6%9C%83%E8%AD%B0%E7%B4%80%E9%8C%84.pdf
183,0861217,變更台南市主要計畫(部份港埠用地為商業區、道路用地、停車場用地及綠地)案、擬定台南市安南區第四期發展區「海佃路一段西側」細部計劃案、擬定台南市安南區第四期發展取「海佃路一段東側」細部計劃案說明書、變更臺南市主要計畫(部份農業區為低密度住宅區、商業區)案、擬定台南市安南區(土城子段470-10等地號)細部計劃案、請再確認本會第182次會議有關許敏花、李秀清、余政欣等人對86.09.17本市都市計畫委員會第179次會議有關「變更台南市第二區細部計劃並配合變更主要計畫(部份商業區、道路用地為古蹟保存區暨部分商業區為廣場用地等)」案之決議所提覆議案之決議、擬定台南市東區(虎尾寮、後甲、竹篙厝)部分住宅區(原「工3」仁和工業區變更為中密度住宅區)細部計劃案,,0f46f413875b572bc5e17f10e05ff7e0ec64bcbc.pdf,http://bud.tncg.gov.tw/A94032P/MGDocFiles/Files/00030071/0000000154/%E7%AC%AC183%E6%9C%83%E8%AD%B0%E7%B4%80%E9%8C%84.pdf
182-1,0861210,擬定台南市東區(虎尾寮、後甲、竹篙厝)部分住宅區(原「工3」變更為中密度住宅區)細部計劃案、請審議許敏花、李秀清、余政欣等人對八十六年九月十七日本市都市計畫委員會第179次會議有關「變更台南市第二區細部計劃並配合變更主要計畫(部份商業區、道路用地為古蹟保存區暨部分商業區為廣場用地等)」案之決議所提覆議案,第182-1次會議紀錄,5dc51f16fdc24712fb897db5fd1533a8ffdcadcf.pdf,http://bud.tncg.gov.tw/A94032P/MGDocFiles/Files/00030071/0000000152/%E7%AC%AC182-1%E6%9C%83%E8%AD%B0%E7%B4%80%E9%8C%84.pdf
182-2,0861210,請審議本府對86.11.20省府核定之「變更台南市安南區(十二佃、南興里、公塭里)細部計劃(第一次通盤檢討)案」所提之覆議案、請再審議廢除本市北區長榮路五段三六一號西側空地內之現有巷道案、請審議廢止本市北區開元路三三三巷西側(富台段647-1--22、648-1--11、779-1--7第號內)部份現有巷道案、擬定台南市安平區漁光里細部計劃案,,089bd4c39d4d9570383badd972fea9ae163f5d5a.pdf,http://bud.tncg.gov.tw/A94032P/MGDocFiles/Files/00030071/0000000153/%E7%AC%AC182-2%E6%9C%83%E8%AD%B0%E7%B4%80%E9%8C%84.pdf
181,0861121,「擬定台南市安南區(中洲寮擴大住宅區及部分農業區)細部計畫案」、「擬定台南市安南區(新寮、溪心寮、總頭寮、十三佃擴大住宅區及部分農業區)細部計畫案」、「變更台南市主要計畫(部分『遊二』遊樂區為『機六十八』機關用地)案」、「廢止本市華南段224-4、鹽埕段667-110地號部份現有巷道」案、「廢除本市北區長榮路五段三六一號西側空地內之現有巷道案」,,d39d6496248b4b5a3a728c0ba9705d3af76fc895.pdf,http://bud.tncg.gov.tw/A94032P/MGDocFiles/Files/00030071/0000000075/%E7%AC%AC181%E6%9C%83%E8%AD%B0%E7%B4%80%E9%8C%84.pdf
156,0861017,再審議「廢止東豐路五Ｏ一巷前段現有巷路，並改道由E-5-8M公尺細部計劃道路通行，經公道七通往東豐路案」,,7eb02ac800f5271629aa782cf555b76e65cf75be.pdf,http://bud.tncg.gov.tw/A94032P/MGDocFiles/Files/00030071/0000000124/%E7%AC%AC156%E6%9C%83%E8%AD%B0%E7%B4%80%E9%8C%84.pdf
180,0860922,「擬定台南市科技工業區(東區部份)細部計畫案」、「變更台南市主要計畫(部分工業區為住宅區、保存區、學校用地及污水、廢棄物處理廠、防洪抽水站用地)案」、「擬定台南市安南區(新寮、溪心寮、總頭寮、十三佃擴大住宅區及部分農業區)細部計畫案」,,58e4b66dbb00dba81dd4d37cec26c87085e324de.pdf,http://bud.tncg.gov.tw/A94032P/MGDocFiles/Files/00030071/0000000074/%E7%AC%AC180%E6%AC%A1%E6%9C%83%E8%AD%B0%E7%B4%80%E9%8C%84.pdf
179-1,0860917,請審議本市東區裕豐街一六三巷南側(新東段858-8.-9.-13.-14.-15.-16.-17.836.842.843.844.845.848.849.850.851.855.856.857等地號內)部份私設巷道案、請審議「廢止本市臺南科技工業區(東區部分)範圍內部份現有巷道案」、擬定台南科技工業區(東區部分)細部計劃並配合變更主要計畫案、擬定台南市安南區(新寮、溪心寮、總頭寮、十三佃擴大住宅區及部分農業區)細部計劃案、審議變更台南市北區(西門路以東、開元路以北地區)細部計劃(第一次通盤檢討)案、請審議「變更台南市主要計畫(部分商業區為保存區)案」、請審議「變更台南市第二區細部計劃並配合變更主要計畫(部分商業區、道路用地為古蹟保存區，暨部分商業區為廣場用地等)案」,,af41c68ccd7fef9b170c9f51a8031573b2e6d518.pdf,http://bud.tncg.gov.tw/A94032P/MGDocFiles/Files/00030071/0000000150/%E7%AC%AC179-1%E6%9C%83%E8%AD%B0%E7%B4%80%E9%8C%84.pdf
179-2,0860917,請審議「變更臺南市主要計畫(部份商業區為保存區)案」、請審議「變更台南市第二區細部計劃並配合變更主要計畫(部份商業區、道路用地為古蹟保存區，暨部分商業區為廣場用地等)案」,,1cae4c236825269c391b23275d9c19d2a5e91967.pdf,http://bud.tncg.gov.tw/A94032P/MGDocFiles/Files/00030071/0000000151/%E7%AC%AC179-2%E6%9C%83%E8%AD%B0%E7%B4%80%E9%8C%84.pdf
178-1,0860730,請審議廢除本市鄭子寮市地重劃區內之西門路四段二四九巷全段現有巷道案、擬定台南市安南區(中洲寮擴大住宅區及部分農業區)細部計劃案,第178-1次會議紀錄,0803786f1c18a7c03bc16e8f013548d2e803eee1.pdf,http://bud.tncg.gov.tw/A94032P/MGDocFiles/Files/00030071/0000000148/%E7%AC%AC178-1%E6%9C%83%E8%AD%B0%E7%B4%80%E9%8C%84.pdf
177-2,0860717,請審議「變更臺南市主要計畫(部份中密度住宅區及部分農業區為機關用地)案」變更內容、請審議「變更台南市主要計畫(部分商業區為保存區)案」、請審議「變更台南市第二區細部計劃並配合變更主要計畫(部分商業區、道路用地為古蹟保存區，暨部分商業區為廣場用地等)案」、請審議「廢止本市華南段224-4、鹽埕段667-110地號部份現有巷道」案、請審議「廢止本市溪墘段42之內、42-1、42-2之內地號內部份現有(私設巷道)案」、請審議：國立台南師範學院申請廢止學校西側宿舍區樹林街街二段三十五巷及慶中街二百零六巷東段部份之現有道路案、請審議廢除長榮路五段三九五巷，巷口處路段寬度六公尺範圍以外之現有巷道案,第177-2次會議紀錄,81adf9a124e40585c09ef448e7a8157ac84756c0.pdf,http://bud.tncg.gov.tw/A94032P/MGDocFiles/Files/00030071/0000000147/%E7%AC%AC177-2%E6%9C%83%E8%AD%B0%E7%B4%80%E9%8C%84.pdf
177-1,0860717,請審議「變更臺南市主要計畫(部分中密度住宅區及部分農業區為機關用地)案」變更內容、請審議「變更台南市主要計畫(部分商業區為保存區)案」、請審議「變更台南市第二區細部計劃並配合變更主要計畫(部份商業區、道路用地為古蹟保存區，暨部分商業區為廣場用地等)案」、請審議「廢止本市華南段224-4、鹽埕段667-110地號部份現有巷道」案、請審議「廢止本市溪墘段42之內、42-1、42-2之內地號內部份現有(私設巷道)案」、請審議：國立台南師範學院申請廢止學校西側宿舍區樹林街街二段三十五巷及慶中街二百零六向東段部份之現有道路案、請審議廢除長榮路五段三九五巷，巷口處路段寬度六公尺範圍以外之現有巷道案,第177-1次會議紀錄,1854a7ab01d003e1a31584bf6ad9b90b04294648.pdf,http://bud.tncg.gov.tw/A94032P/MGDocFiles/Files/00030071/0000000146/%E7%AC%AC177-1%E6%9C%83%E8%AD%B0%E7%B4%80%E9%8C%84.pdf
191,0860707,請審議「擬定台南市安平地區漁港細部計劃案」、請再審議「擬定台南市安平地區漁港細部計劃並配合變更台南市主要計畫(部分港埠用地為漁港區、河川區、加油站用地、道路用地，部分污水處理廠用地為漁港區，部分公園用地為漁港區，部份加油站用地為漁港區、道路用地，部份川區為漁港區，部分道路用地為漁港區，部分廣(停)用地為道路用地、漁港區，部分住宅區為道路用地、漁港區)案」、請審議「擬定台南市安南區(海佃路一段西側地區)細部計劃並配合變更台南市主要計畫(「國中」、「國小」學校用地為低密度住宅區，低密度住宅區為「國中小」學校用地)案」、請再審議「擬定台南市安南區(海佃路一段西側地區)細部計劃案」、請再審議「擬定台南市安南區(海佃路一段東側地區)細部計劃案」、請審議「變更台南市主要計畫(部分河川區及農業區為機關用地)案」、請審議「廢止台南市東安段454.455.473.474全部472部分地號內現有巷道案」、請審議「變更台南市東區(虎尾寮、後甲、竹篙厝地區)細部計劃(道路系統第二次通盤檢討)案」,,a0532f766344f95be5e059425e5411778d962cf3.pdf,http://bud.tncg.gov.tw/A94032P/MGDocFiles/Files/00030071/0000000162/%E7%AC%AC191%E6%9C%83%E8%AD%B0%E7%B4%80%E9%8C%84.pdf
176,0860522,請審議廢除西區頂美二街72巷南側空地內之現有巷道案、擬定台南市東區(虎尾寮、後甲、竹篙厝)部分住宅區(原「工3」仁和工業區變更為中密度住宅區)細部計劃案、為「虎尾寮重劃區」都市計劃土地使用及分區管制要點第三點，執行上有疑異，請討論、請審議「變更台南市主要計畫(第三次通盤檢討)案」內留有待續審之本市東區德高厝舊聚落東側之保護區變更為可建築用地案、變更台南市主要計畫(第三次通盤檢討)案內留待續審有關楊宗哲等人異議案，陳情將本市二等九號道路以北、五期市地重劃區健康路以南、育平路延長線以東之港埠用地變更為住宅區或商業區案,,241eb5afb18d793dcf0474b83af8437ef1bfa474.pdf,http://bud.tncg.gov.tw/A94032P/MGDocFiles/Files/00030071/0000000145/%E7%AC%AC176%E6%9C%83%E8%AD%B0%E7%B4%80%E9%8C%84.pdf
175,0860429,請審議廢除西區頂美二街七十二巷南側空地內之現有巷道案、請審議廢除本市東區育樂街72巷(育樂段三Ｏ三地號內)現有巷道案、請審議廢止本市復興國中、復興國小校門前(虎尾寮段488-4、171-9、171-10、168、168-1、168-5、168-6、168-9、170-5暨裕東段927等十筆地號內全部或部份土地)既成巷道案、擬訂台南市東區(虎尾寮、後甲、竹篙厝)部分住宅區(原「工3」仁和工業區變更為中密度住宅區)細部計劃案、擬定台南市安南區(土城擴大住宅區暨部分農業區、港仔西第三期發展區及擴大住宅區暨部分農業區)細部計劃案-人民或團體陳情案第1案及逾期人民陳情案第1案,,3554958f66c1b8f960f0c24b2bfb20566c01dfd2.pdf,http://bud.tncg.gov.tw/A94032P/MGDocFiles/Files/00030071/0000000144/%E7%AC%AC175%E6%9C%83%E8%AD%B0%E7%B4%80%E9%8C%84.pdf
174-2,0860320,擬定台南市安南區「土城擴大住宅區暨部分農業區、港仔西第三期發展區及擴大住宅區暨部分農業區」細部計劃案,,425d000ef9192453ef44964bc9f72fe1e9f5259b.pdf,http://bud.tncg.gov.tw/A94032P/MGDocFiles/Files/00030071/0000000143/%E7%AC%AC174-2%E6%9C%83%E8%AD%B0%E7%B4%80%E9%8C%84.pdf
174-1,0860320,變更台南市主要計畫「部份下水道用地為中密度住宅區與道路用地暨部份中密度住宅區為下水道用地(供污水截流站使用)與道路用地」案、請審議「變更台南市北區(西門路以東、開元路以北地區)細部計劃(部份高密度住宅區為道路用地、公兒用地，部分道路用地為高密度住宅區、公兒用地)」案、請再審議「變更台南市東北區(開元路以南、東寧路以北地區)細部計劃(第二次通盤檢討)案」中暫予保留之「F-4-12M計劃道路」案,第174-1次會議紀錄,9f98322787085ce2cfe8d95ddac64b584294ee6b.pdf,http://bud.tncg.gov.tw/A94032P/MGDocFiles/Files/00030071/0000000142/%E7%AC%AC174-1%E6%9C%83%E8%AD%B0%E7%B4%80%E9%8C%84.pdf
173-2,0860217,擬定台南市安南區(土城擴大住宅區暨部份農業區、港仔西第三期發展區及擴大住宅區暨部份農業區)細部計劃案、請再審議「擬定台南市主要計畫(商四三-東區副都心)細部計劃案」計畫內容及人民團體陳情意見,,ddc6414dbe964cebc3d65eff984b6538559edb66.pdf,http://bud.tncg.gov.tw/A94032P/MGDocFiles/Files/00030071/0000000141/%E7%AC%AC173-2%E6%9C%83%E8%AD%B0%E7%B4%80%E9%8C%84.pdf
173-1,0860217,請再審議「變更台南市安南區(十二佃、南興里、公塭里)細部計劃(第一次通盤檢討)案」變更內容及綜理表第三案、「請審議「變更台南市安南區(學東里、學西里、砂崙里、青草崙)細部計劃(第一次通盤檢討)案」逾期人民陳情意見綜理表第二案」、請審議「公告廢止本市府前路一段五十巷內部份現有巷道」案(範圍詳申請廢道圖)、請審議「公告廢止本市新段一小段四一之一二、四一之一三地號及部份同段四一之七地號內現有巷道」案(範圍詳申請廢道圖)、請審議「廢止本市東區竹篙厝段2083、2084、2085、2086、2087、2088號內(原編列崇明四街26巷)舊有既成巷道」案、擬定台南市安南區(本淵寮、十字路、海尾寮擴大住宅區及部分農業區)細部計劃案,第173-1會議紀錄,8bebf68018c64e26685c45d1463a3cc469ac5a6c.pdf,http://bud.tncg.gov.tw/A94032P/MGDocFiles/Files/00030071/0000000140/%E7%AC%AC173-1%E6%9C%83%E8%AD%B0%E7%B4%80%E9%8C%84.pdf
172,0851230,再審議變更台南市安南區(十二佃、南興里、公塭里)細部計劃(第一次通盤檢討)案、審議變更台南市安南區(學東里、學西里、砂崙里、青草崙)細部計劃(第一次通盤檢討)案、請審議「廢止本市南區鹽埕段287-105地號內部份現有巷道案」、請再審議「變更台南市安南區(本淵寮、十字路、海尾寮)細部計劃(第一次通盤檢討)案」內公告期間公民或團體陳情意見綜理表第一、三案、請審議「擬定台南市主要計畫(商43-東區副都心)細部計劃案」計畫內容及人民團體陳情意見,,ebebc32ff87bd4448866266e4af474a4eff62981.pdf,http://bud.tncg.gov.tw/A94032P/MGDocFiles/Files/00030071/0000000139/%E7%AC%AC172%E6%9C%83%E8%AD%B0%E7%B4%80%E9%8C%84.pdf
171,0851128,請再審議台南市商業區發展構想與建議審議原則、「變更台南市東北區(開元路以南、東寧路以北地區)細部計劃(第二次通盤檢討)案中暫予保留之「F-4-12M計劃道路案」，提請審議」、變更台南市主要計畫(部份農業區為殘障庇護中心專用區)案、請審議廢止台南市神學校北後側校門前部份(光華街九九四地號內)現有巷道案、請審議廢止本市東區建東街四二巷四四號與四五號間(精忠段三二六支三地號)現有巷道案、請再審議本市新樓醫院北側新樓街11號至29號前(光華段1130.1148.1149.1150號內)現有巷道廢止案、請審議「變更台南市安平新市區細部計劃(「機七」機關用地用途增列供台南市選舉委員會使用)案」、擬定台南市安平區漁光里細部計劃案,,437de92618775c8efc8884802f64845b893da7fc.pdf,http://bud.tncg.gov.tw/A94032P/MGDocFiles/Files/00030071/0000000138/%E7%AC%AC171%E6%9C%83%E8%AD%B0%E7%B4%80%E9%8C%84.pdf
170,0851017,請審議台南市商業區發展構想與建議審議原則,,b4d2f21756892c63957f171054af4f365ca0ebc9.pdf,http://bud.tncg.gov.tw/A94032P/MGDocFiles/Files/00030071/0000000137/%E7%AC%AC170%E6%9C%83%E8%AD%B0%E7%B4%80%E9%8C%84.pdf
169,0851003,請審議「變更台南市安南區(本淵寮、十字路、海尾寮)細部計劃(第一次通盤檢討)案」變更內容及人民陳情意見、變更台南市主要計畫(部分農漁區為殘障庇護中心專用區)案、為「垃2」垃圾處理場用地內，設置西垃圾焚化爐回饋設施乙案，提請討論,,eaacc1f1dfe614b491ec1a94ea8a0b811cc40ea6.pdf,http://bud.tncg.gov.tw/A94032P/MGDocFiles/Files/00030071/0000000136/%E7%AC%AC169%E6%9C%83%E8%AD%B0%E7%B4%80%E9%8C%84.pdf
168,0850923,,內容只有臨時動議,62ed9f7aefacad2e6c723ecd3610ecd7cc1e0a7e.pdf,http://bud.tncg.gov.tw/A94032P/MGDocFiles/Files/00030071/0000000215/%E7%AC%AC168%E6%9C%83%E8%AD%B0%E7%B4%80%E9%8C%84.pdf
167,0850716,請再審議「變更台南市東北區(開元路以南、東寧路以北地區)細部計劃(第二次通盤檢討)案」計畫書圖,,553d4f2c5b9fdf8b1fd37d5bad5310e32588b52a.pdf,http://bud.tncg.gov.tw/A94032P/MGDocFiles/Files/00030071/0000000135/%E7%AC%AC167%E6%9C%83%E8%AD%B0%E7%B4%80%E9%8C%84.pdf
166,0850624,「擬定台南市安南區(港仔西第三期發展區及擴大住宅區暨部分農漁區)細部計劃案」、「請審議變更台南市安南區(十二佃、南興李、公塭里)細部計劃(第一次通盤檢討)案計畫書圖」、「請審議變更台南市東北區(開元路以南、東寧路以北地區)細部計劃(第二次通盤檢討)案計畫書圖」、「請籌組聘請下列三案專案小組委員，期專案小組審核案內容如:一、審議「變更台南市安南區(學東里、學西里、砂崙里、青草崙)細部計劃(第一次通盤檢討)案」。二、「擬定台南市安南區(土城擴大住宅區及部分農漁區)細部計劃案」。三、變更台南市安南區(新寮、溪心寮、總頭寮、十三佃)細部計劃(第一次通盤檢討)案」,,48db34eed2c8135659a6206d2113251962f6526a.pdf,http://bud.tncg.gov.tw/A94032P/MGDocFiles/Files/00030071/0000000134/%E7%AC%AC166%E6%9C%83%E8%AD%B0%E7%B4%80%E9%8C%84.pdf
165,0850328,「請審議廢止本市新樓醫院北側新樓街11號～29號前(光華段1130.1148.1149.1150地號內)現有巷道案」、「變更台南市安南區(新寮、溪心寮、總頭寮、十三佃)細部計劃(第一次通盤檢討)案」、「請審議廢止本市立人一Ｏ三一、四一七、四一八、四二Ｏ、四二二地號土地內現有巷道案」、「請審議廢止本市民生路二段四Ｏ六項與四ＯＯ巷南段現有巷道案(範圍位置詳圖說)」、「請審議變更台南市南區龍崗社區細部計劃(第一次通盤檢討)案計畫書圖」、「請審議變更台南市安南區(中洲寮)細部計劃(第一次通盤檢討)案計畫書圖」、「擬定台南市安南區(中洲寮擴大住宅區部分)(含第三期發展區五塊寮地區)細部計劃案」、「變更台南市安南區(顯宮、四草)細部計劃(第一次通盤檢討)案內變更內容第九案暨人民陳情案第甲5、乙1、乙2案有關B-29-10M道路變更事項」,,f5c44431607000f71f314aabe72b94dc4b395af8.pdf,http://bud.tncg.gov.tw/A94032P/MGDocFiles/Files/00030071/0000000133/%E7%AC%AC165%E6%9C%83%E8%AD%B0%E7%B4%80%E9%8C%84.pdf
164,0850209,"審議「變更台南市安南區(學東里、學西里、砂崙里、青草崙)細部計劃(第一次通盤檢討)案」、「請審議廢止本市安南區怡安段152-1,302-2,635-17,153-1,-3,300-3,301,309等地號上現有道路路段案」、「請審議本府辦理「變更台南市安南區(土城)細部計劃(第一次通盤檢討)案」業經省都委會審議完竣，其中有部分決議與市都委會決議不符者，本府將依法提出覆議」、「擬定台南市安南區(土城擴大住宅區部分)細部計劃案」、「請審議廢止本市民族路二段一Ｏ六巷道路南段(範圍詳如附圖)案」、「請審議廢止本市南寧段二五五之六、之ㄧ二地號市有地內既成巷道案」",,b25c33659e3ee9d5a0e6b00f7c2c51a6a0bb302c.pdf,http://bud.tncg.gov.tw/A94032P/MGDocFiles/Files/00030071/0000000132/%E7%AC%AC164%E6%9C%83%E8%AD%B0%E7%B4%80%E9%8C%84.pdf
163,0850112,「請審議廢止改道本市北區大道新村內現有巷道案」、「請審議變更台南市安南區(顯宮、四草)細部計劃(第一次通盤檢討)案計畫書圖」、「請審議廢止安南區安順(一)重劃區內怡安段369-1、368-2、408、409、424等地號如附圖著藍色部分既成巷道及怡安段502、507地號內如附圖著藍色部份私設道路(上開地號為重劃前地號)」、「請審議變更台南市安南區(中洲寮)細部計劃(第一次通盤檢討)案計畫書圖」、「請審議台南市安南區(中洲寮擴大住宅區部分)(含第三期發展區五塊寮地區)細部計劃案計畫書圖」、「請審議變更台南市龍崗社區細部計劃(第一次通盤檢討)案計畫書圖」、「審議曾啟川建築師事務所代辦本市鹽埕段87-2、88-4、88-55、88-83號等四筆土地申請建照案，所預留之停車場用地是否適合該地區辦理擰定細部計劃時，規劃為停車場用地之使用」、「請審議廢除本市北邊小東路一八五號西側土地內之現有巷路案」,,5a724c43acf83920b5ca2f92f673bd07d3ca90d0.pdf,http://bud.tncg.gov.tw/A94032P/MGDocFiles/Files/00030071/0000000131/%E7%AC%AC163%E6%9C%83%E8%AD%B0%E7%B4%80%E9%8C%84.pdf
162,0841013,"「變更台南市東區(虎尾寮、後甲、竹篙厝地區)細部計劃(虎尾寮重劃區範圍內部份加油站用地為住宅區、道路用地；部分道路用地為住宅區)案」、「變更原中密度住宅區為公兒用地，面積0.2公頃，為台南市正興段九三二號地之部分土地」、「變更台南市安平新市區細部計劃『機七』機關用地用途郵支局為派出所案」計畫書圖、再審議「台南縣政府及鄰近土地許作舟等8人共同申請廢止本市東區竹篙厝段630-155-156-159-160-162-171-534-535-536-537-538-539-540-173-543 630-1327-1328 649-93等18筆地號內(府連東路4號~20號後側)現有巷道案」",,67670cd25dd263aab3aeb23eb9bc56f0d5784e1e.pdf,http://bud.tncg.gov.tw/A94032P/MGDocFiles/Files/00030071/0000000130/%E7%AC%AC162%E6%9C%83%E8%AD%B0%E7%B4%80%E9%8C%84.pdf
161,0840728,"審議「廢止本市東區德高段1443-3地號內(長東街114巷銜接崇德路交叉口南側)舊有巷道案」、「台南縣政府及鄰近地主許作舟等8人共同申請廢止本市東區竹篙厝段630-155-156-159-160-162-171-534-535-536-537-538-539-540-173-543   630-1327-1328   649-93等18筆地號內(府連東路4號~20號後側)現有巷道案」、「請討論安南區東和里、布袋里、新順里新宅、三塊厝、農場寮、港仔西等未完成法定程序細部計劃草案(屬第三期發展區)地區之使用分區管制是否仍依其細部計劃草案說明書規定繼續管制辦理」",,d15e38bf29336d49bea1735e5b9c8bb5ed94da27.pdf,http://bud.tncg.gov.tw/A94032P/MGDocFiles/Files/00030071/0000000129/%E7%AC%AC161%E6%9C%83%E8%AD%B0%E7%B4%80%E9%8C%84.pdf
160,0840512,審議「變更台南市主要計畫(部分農漁區為工業區)」案、「公告廢止本市立人段357.362地號內現有巷道」案、「廢止本市東區虎尾寮段493-7、493-112二筆地號內(東成街185巷與201巷間)部份現有巷道案」、「廢止本市東區大鵬八村眷村範圍內光明段617.615.614.634.614-2.615-2.617-3.616.347.376-5.347-3.348.375-2.376.376-2.348-4.375-4.347-2.367-4等17筆地號內現有巷道案」,,52e1974112ba1dc26ee331cd26c0fd38a71b1d2d.pdf,http://bud.tncg.gov.tw/A94032P/MGDocFiles/Files/00030071/0000000128/%E7%AC%AC160%E6%9C%83%E8%AD%B0%E7%B4%80%E9%8C%84.pdf
159,0840308,審議「變更台南市都市計劃(部份農漁區為工業區)案」、「變更台南市主要計畫(部份「工11」特種工業區為污水處理廠用地及特權工業區為乙種工業區)案」、「變更台南市安南區(土城)細部計劃(第一次通盤檢討)案」、「廢止本市港段二小段230-186地號與田段51地號土地內現有巷路案」,,c6a5eff73f47f6310e0a9d545483c6432e75959b.pdf,http://bud.tncg.gov.tw/A94032P/MGDocFiles/Files/00030071/0000000127/%E7%AC%AC159%E6%9C%83%E8%AD%B0%E7%B4%80%E9%8C%84.pdf
158,0840124,審議「廢除東區光明段701.795-3.850.844.859等五筆地號內部份(光明街60巷與66巷間南北向)現有巷道案」,,e93ed4478a4ee7cbda4c6fead3aef437786ffd80.pdf,http://bud.tncg.gov.tw/A94032P/MGDocFiles/Files/00030071/0000000126/%E7%AC%AC158%E6%9C%83%E8%AD%B0%E7%B4%80%E9%8C%84.pdf
157,0840104,審議「廢除本市東區竹篙厝段2099-11.-12.-13.-14等四筆地號內(崇明路266巷44.46.48.50號後側)私設道路案」、「有關變更台南市主要計畫(部份低密度住宅區、學校用地、農漁區、鹽田、水域用地為工業區)案」申覆案,,635998909d3f2b2288bca15a543ddd122007874f.pdf,http://bud.tncg.gov.tw/A94032P/MGDocFiles/Files/00030071/0000000125/%E7%AC%AC157%E6%9C%83%E8%AD%B0%E7%B4%80%E9%8C%84.pdf
